poly_id,propsnag,n_points,habitat_code,pool,Area,Perimeter,max_depth,avg_depth,tot_vol,shoreline_density_index,pct_aqveg,pct_terr,pct_prm_wetf,med_dist_to_land,med_dist_to_forest,med_current,wingdam,revetment,tributary,pct_shallow_area
P04_CFL_13,0.8,5,CFL,4,105288.7971,2067.889801,1.3,0.362586863,33955,1.79775861,19.13396022,93.87983352,79.67522363,34.13379343,34.13379343,0.02,0,1,0,0.927835423
P04_CFL_14,0.2,5,CFL,4,42668.28208,1770.464773,0.74,0.329139073,5953,2.417852367,41.25270419,94.76870674,42.44243829,18.90166493,32.64111973,0.02,0,0,0,1
P04_CFL_15,0.4375,16,CFL,4,678390.212,5226.963228,2.68,0.61596506,356757,1.790213082,9.256464513,86.17161138,41.27247669,21.40209641,39.27575923,0.01,1,1,1,0.919478787
P04_CFL_17,1,1,CFL,4,60391.84991,2421.384129,NA,NA,NA,2.779518655,97.67009897,82.08951656,20.8459079,0,0,NA,0,1,0,1
P04_CFL_19,0.316742081,221,CFL,4,8826463.829,101956.3838,5.42,0.756176039,6286104,9.680908578,93.82878127,95.412425,38.2085134,3.055636311,67.26318927,0.03,1,1,1,0.744545956
P04_CFL_2,1,5,CFL,4,56122.67451,1607.140167,1.8,1.154833912,57495,1.913725502,9.025659444,96.61644822,85.3355662,14.15715406,21.63308443,0,0,1,0,0.34272438
P04_CFL_20,0.625,16,CFL,4,578538.0869,9979.051627,1.9,0.80138346,356029,3.700993822,78.39471106,92.10174615,52.53523549,22.96770012,27.70208524,0.02,0,1,1,0.773224076
P04_CFL_203,1,1,CFL,4,3786.182162,449.8429411,1.26,0.452,1592,2.062316069,100,65.24724335,24.16730446,0,33.3802337,0.01,0,0,0,0.961292259
P04_CFL_204,1,1,CFL,4,22911.28769,2059.213088,1.28,0.543322148,7915,3.837705184,96.08895611,97.51207569,41.44175346,4.307957827,4.307957827,0,0,0,0,0.869992277
P04_CFL_209,0.8,5,CFL,4,75656.97401,5293.355868,3.39,0.873350144,59646,5.428772932,97.09247215,93.84969887,77.46315243,6.705836752,6.705836752,0,0,0,0,0.691365423
P04_CFL_21,0,1,CFL,4,24661.02709,1669.396213,5.15,1.00970128,17496,2.998809736,98.65797933,97.00585773,79.99401638,0,0,NA,0,0,0,0.732345495
P04_CFL_218,0,1,CFL,4,35785.42714,1849.601694,1.01,0.397752525,11343,2.758164599,96.88541694,54.45080239,0,0.763028827,238.3200063,NA,0,0,0,1
P04_CFL_231,1,1,CFL,4,60238.43867,2393.95321,2.11,0.506158088,26727,2.751527595,91.26359133,57.81745098,24.95391131,24.51113433,96.76375474,0.71,1,1,1,0.974965542
P04_CFL_232,0.5,6,CFL,4,78856.81243,2248.01942,3.08,0.602989796,43266,2.258268195,97.08946437,34.49388451,34.49388451,44.33968635,107.9969639,0.15,0,1,0,0.949356682
P04_CFL_234,1,2,CFL,4,11028.74393,793.1234226,3.06,0.98563981,10257,2.130457217,100,82.92922041,68.04273962,6.177012222,27.22690709,0.07,0,0,0,0.686377794
P04_CFL_235,1,1,CFL,4,3658.012849,591.5372947,0.85,0.367898551,1230,2.75901833,100,50.74189561,50.74189561,0,0,0.4,0,0,0,1
P04_CFL_236,0.857142857,7,CFL,4,120842.6241,5495.002319,2.23,0.855403139,97626,4.459158141,70.16813889,66.74766953,0,11.92545951,399.2220395,0.275,0,0,0,0.730199534
P04_CFL_237,0.666666667,3,CFL,4,15054.96815,863.5699693,3.64,0.73257732,10438,1.985421311,74.6800621,83.31643387,0,11.81230489,135.7416139,0,0,1,0,0.820522818
P04_CFL_239,0,1,CFL,4,48927.75364,2564.51362,1.44,0.436392504,20216,3.2705624,99.99979513,80.58612417,0,14.53374316,153.6081716,NA,0,0,0,0.987862645
P04_CFL_240,0.659574468,47,CFL,4,1837015.301,12235.21028,11.94,1.564062189,2804762,2.546537753,84.43102857,88.21695865,14.56999988,20.25487754,121.6256793,0.03,0,1,0,0.35762194
P04_CFL_241,0.714285714,7,CFL,4,72464.32535,3096.413222,2.74,0.688037884,47116,3.2448293,76.60069632,63.43748499,28.8885658,34.22106369,34.22106369,0.09,1,1,1,0.873888494
P04_CFL_242,0.571428571,7,CFL,4,77524.40071,3072.681672,3.21,0.947453887,70770,3.113102565,84.91831625,49.85403571,29.40648593,16.8390255,24.95574731,0.01,1,1,1,0.592535273
P04_CFL_245,0.5,2,CFL,4,5645.97799,453.4890487,0.72,0.429354839,2258,1.702520232,100,73.88203148,73.88203148,19.78316496,19.78316496,0.05,0,0,0,1
P04_CFL_246,1,2,CFL,4,8968.108872,694.3940347,2.56,0.61517341,5194,2.068476607,100,67.67896912,67.67896912,14.2127606,28.21287489,0.02,0,0,0,0.86196692
P04_CFL_249,1,2,CFL,4,5307.461869,514.8070652,1.73,0.614236453,3046,1.993407672,100,63.24450836,63.24450836,0,10.57686447,0.065,0,0,0,0.892507086
P04_CFL_250,1,2,CFL,4,39685.85538,1603.165774,2.54,0.872270968,33226,2.270155613,84.74796974,40.07115999,40.07115999,34.58265795,34.58265795,0,0,0,0,0.692657112
P04_CFL_251,0.375,16,CFL,4,482587.2391,6279.503762,5.46,1.211367204,571543,2.549954765,25.29473923,93.45812174,36.35225742,38.37856895,208.8736457,0,0,1,1,0.580826699
P04_CFL_252,0.333333333,3,CFL,4,20025.1325,814.0709606,2.29,0.815753769,15945,1.622817312,77.27322484,46.54122771,29.56175404,37.29691706,37.29691706,0.22,1,0,0,0.735607901
P04_CFL_253,0.333333333,3,CFL,4,45061.08722,1179.275689,1.56,0.629910615,27538,1.567146442,97.03280161,18.5959966,18.5959966,68.91817726,68.91817726,0.13,1,0,0,0.923147601
P04_CFL_254,0.583333333,12,CFL,4,163104.6715,4122.557671,2.77,0.852916667,133218,2.879576416,97.80214546,64.57355154,30.87082218,5.272486443,69.25398715,0.065,0,0,0,0.703471329
P04_CFL_257,0.857142857,14,CFL,4,142126.8478,4160.007529,3.38,0.975393073,131045,3.11279932,66.40065594,64.97122347,33.20955695,19.21912933,45.13327034,0.11,0,0,0,0.572270252
P04_CFL_258,0.739130435,23,CFL,4,375986.1947,10168.93951,7.86,1.007426672,362085,4.678264613,98.8207391,91.18441409,83.12961477,19.40648901,31.00467376,0.04,0,1,0,0.782058559
P04_CFL_259,1,2,CFL,4,25520.37563,986.913513,1.6,0.648155054,16113,1.742732107,86.69429908,29.12800715,29.12800715,75.01175937,75.01175937,0.005,0,0,0,0.893217282
P04_CFL_260,0.666666667,15,CFL,4,325288.8512,14429.06376,2.18,0.561500913,164608,7.13671956,96.78459788,86.22689902,76.13643476,0.42454006,16.16717902,0.01,1,0,0,0.901084929
P04_CFL_264,0.52173913,23,CFL,4,445149.8194,6872.060874,3.53,0.697495786,293437,2.905554095,98.94552047,73.16791433,58.62977697,5.394350179,36.39343171,0,0,0,0,0.827794981
P04_CFL_265,1,1,CFL,4,4710.088344,820.4970277,1.45,0.290127389,1086,3.372543452,100,72.22881114,18.66295748,0,1.140364464,0.28,0,0,0,0.983156532
P04_CFL_268,0.75,4,CFL,4,169009.3978,3480.924306,4.78,0.817154856,131311,2.38854936,97.90351291,46.12397047,17.00257608,5.661807028,120.0588728,0.03,0,0,0,0.7532365
P04_CFL_269,0.352941176,17,CFL,4,384232.5565,7504.133556,4.34,1.288169956,480502,3.415061609,42.91512696,94.92394184,38.94593522,15.77819854,62.28018127,0.005,0,1,0,0.49488167
P04_CFL_270,0.666666667,6,CFL,4,205864.0419,4521.424293,3.54,0.933100804,185694,2.811124524,89.93940172,84.70525974,41.25103799,9.969485494,238.316708,0.01,0,1,0,0.564692499
P04_CFL_271,0.4,5,CFL,4,232156.8359,12723.17665,4.84,0.829286862,139159,7.449032809,86.44698241,92.872408,68.27160888,1.058638385,56.26124066,0.035,0,1,0,0.769098812
P04_CFL_272,0.333333333,6,CFL,4,87696.39295,2561.571464,7.07,0.958140006,81515,2.440117162,99.99978988,46.18572086,0.869199614,82.01428653,183.0221292,0.13,0,0,0,0.603889646
P04_CFL_273,0,1,CFL,4,18237.51554,1642.035413,0.47,0.26125,50,3.430004975,100,99.38658247,99.38658247,0,0,0.01,0,0,0,1
P04_CFL_275,1,1,CFL,4,38306.51651,1451.557801,3.2,1.154473684,43302,2.092151222,97.3485988,29.16731588,0,26.09545842,192.1122729,0.03,0,1,0,0.622521661
P04_CFL_276,0.833333333,6,CFL,4,93323.44136,2849.615051,3.06,0.603561873,52832,2.63139407,99.06215647,68.58637915,68.58637915,21.80554377,37.04804741,0.01,0,0,0,0.865986471
P04_CFL_3,1,11,CFL,4,164330.5992,3072.34107,2.25,1.049269182,141893,2.137988059,13.23196242,92.40076021,63.81903115,26.73500208,26.73500208,0,0,1,0,0.525096605
P04_CFL_34,1,1,CFL,4,2466.601048,280.7118607,1.44,0.901237113,2160,1.594433371,99.92723927,90.16285073,0,4.196822041,100.8282849,0.1,0,0,0,0.538891281
P04_CFL_35,1,1,CFL,4,2182.502698,276.6993399,0.3,0.256329114,479,1.670805117,99.93099538,94.63827848,94.63827848,4.224505251,4.224505251,0.02,0,0,0,1
P04_CFL_38,0.5,2,CFL,4,25325.33084,1028.730167,1.44,0.722213656,16021,1.823555476,100,93.68618533,64.59409498,1.87203787,18.66961387,0.01,1,1,1,0.726595659
P04_CFL_39,1,1,CFL,4,99031.88111,2916.464445,2.34,1.354762032,125189,2.614353077,61.64716339,98.0285147,0,8.468192877,117.2315552,0,0,1,0,0.353386399
P04_CFL_41,0,2,CFL,4,26798.34436,815.1940044,2.96,1.819344758,44739,1.404759777,-7.46E-10,91.71705366,0,18.68347148,351.114888,0,0,0,0,0.204373084
P04_CFL_42,0,1,CFL,4,80408.24344,3362.536223,1.57,0.546715135,40204,3.345120389,99.88513123,98.39718721,87.33208159,21.05162018,21.05162018,0.01,0,0,0,0.933964653
P04_CFL_44,0.488095238,84,CFL,4,2867234.089,39079.01233,4.56,0.768208477,2074792,6.510390991,76.58762153,94.82730488,55.71107841,21.96267903,62.15581241,0.03,1,1,1,0.804320936
P04_CFL_46,0.333333333,3,CFL,4,1042.446409,128.902808,0.22,0.12,10,1.126239039,-2.88E-09,76.01738288,0,10.03569166,83.00463116,0.31,0,1,0,1
P04_CFL_5,0,1,CFL,4,27938.00136,2023.107953,3.14,1.617692308,521,3.414416202,98.223411,99.14920142,93.98061121,0.725535054,0.725535054,NA,0,0,0,0.989070561
P04_CFL_52,0,1,CFL,4,11857.8241,871.8616342,NA,NA,NA,2.258604211,100,98.9457911,37.11523478,13.88506222,14.88387123,NA,0,0,0,1
P04_CFL_58,1,1,CFL,4,56582.90815,2069.032657,2.64,0.605995748,20823,2.453690499,85.30613739,92.33076246,74.21455345,15.24203701,20.36555867,0.18,0,0,0,0.854267566
P04_CFL_6,0.333333333,3,CFL,4,15800.79229,1170.351766,0.76,0.290378788,913,2.626467619,0,90.96785837,78.18614215,2.28590307,2.28590307,0.02,0,0,0,1
P04_CFL_60,0.5,2,CFL,4,68263.14571,4201.960777,0.88,0.29835443,7261,4.536844703,100,99.15854628,65.06696261,16.90825851,16.90825851,0.09,0,0,0,1
P04_CFL_61,0.5,10,CFL,4,449367.528,3775.264509,10.97,1.321613357,510611,1.588698957,4.869134909,96.70429582,58.38522075,26.80575395,47.52905365,0,0,1,0,0.589873084
P04_CFL_62,0.333333333,6,CFL,4,540784.3424,5019.471386,0.92,0.414642271,188713,1.9254888,11.07440962,96.80169611,84.59618442,13.41641964,13.41641964,0.01,0,0,0,1
P04_CFL_64,0,2,CFL,4,41401.48137,957.0592461,0.9,0.438626431,10149,1.326862595,57.02818832,82.70516623,0,29.66595057,89.93800085,0.005,0,0,0,1
P04_CFL_67,0.192307692,26,CFL,4,2397352.974,16901.95869,2.97,0.760912545,1609833,3.079400054,9.451770691,92.26746274,24.54406146,21.86318721,49.04230458,0.01,1,1,1,0.86548226
P04_CFL_69,0,1,CFL,4,7637.291659,514.3800666,1.21,0.438111888,1512,1.660387711,100,70.77038274,0,0,16.04427781,0.02,0,0,0,0.992751298
P04_CFL_72,0.476190476,21,CFL,4,1151787.311,7512.175072,4.78,0.589803697,600998,1.974579501,32.15549005,93.84563217,22.04579862,32.81538531,61.25381243,0.04,0,0,0,0.934906889
P04_CFL_73,0.666666667,6,CFL,4,145216.8439,5734.926539,2.13,0.735150181,69555,4.24535909,41.79724349,96.44628107,83.0891504,18.98003164,22.57904085,0.03,0,1,0,0.804150545
P04_CFL_74,1,2,CFL,4,34756.78544,2022.957775,1.78,0.449048338,7163,3.060991225,89.60231092,97.32232953,86.69253336,0.400040439,5.414674545,0.08,0,0,0,0.977777376
P04_CFL_77,0,1,CFL,4,1548.428035,251.5432972,1.5,0.999285714,1380,1.803276423,-6.46E-10,79.50913788,20.16100061,2.791797824,10.68960694,NA,0,0,0,0.586905807
P04_CFL_78,0,1,CFL,4,25053.39854,1042.842415,1.22,0.275281553,3355,1.858576456,61.7157191,57.15374897,57.15374897,0,1.413771211,0.03,0,0,0,0.997592866
P04_CFL_79,0,1,CFL,4,21315.42687,727.6634474,0.54,0.338113208,4712,1.405978277,43.23140028,65.68327385,65.68327385,71.86882985,95.04043048,NA,0,0,0,1
P04_CFL_80,1,2,CFL,4,28009.30043,2582.852383,NA,NA,NA,4.353549864,52.25766391,97.59320098,81.65413217,9.54677758,9.54677758,0.155,0,0,1,1
P04_CFL_85,0.5,4,CFL,4,146342.2306,3425.561255,NA,NA,NA,2.526050165,0,97.01957566,78.56621482,44.70275129,44.70275129,0,0,0,0,1
P04_CFL_86,0,1,CFL,4,7807.787455,830.6577997,1.02,0.403380952,2035,2.651876071,99.909785,53.64905087,30.38402574,14.53686054,14.53686054,NA,0,0,0,1
P04_SC_1,0.763157895,38,SC,4,345687.9782,3761.008194,22.43,4.580122651,1456364.5,1.804501342,0,86.01252338,72.34749675,35.63518374,35.96529712,0.205,1,1,1,0.026554296
P04_SC_22,0,1,SC,4,2068.00322,244.7115222,1.7,0.586857143,1027,1.518007374,0,94.28964374,0,6.951615994,36.00239162,0.17,0,0,0,0.302789381
P04_SC_24,0.85,20,SC,4,216344.7072,5229.404609,13.51,1.829896075,374168,3.171569085,4.308330897,69.00955381,41.11500406,26.16731986,34.17300075,0.11,1,1,1,0.250373309
P04_SC_27,0.685185185,54,SC,4,608467.1018,6980.61825,4.78,1.738463187,1054291,2.524471112,0.210297853,29.66755401,1.05492021,88.43485032,184.2076206,0.155,0,1,0,0.162702855
P04_SC_3,0.818181818,11,SC,4,171657.8733,3338.522529,4.39,1.789213465,280369.75,2.273094627,0,85.13587781,55.97086713,39.09223703,39.09223703,0.105,0,1,0,0.120161327
P04_SC_33,0.861111111,72,SC,4,1120517.263,15884.2773,9.08,2.635014248,2935998.75,4.233048577,5.744659135,23.99029469,21.95909366,63.54182797,70.01829219,0.15,1,1,1,0.115842037
P04_SC_4,0.774193548,62,SC,4,778914.3921,5161.886473,11.6,3.430541872,2663730,1.649903913,1.575038706,30.19105281,7.075928902,95.82654203,163.2972533,0.125,1,1,1,0.045676079
P04_SC_6,0.869565217,23,SC,4,381249.6038,8486.827573,4.29,1.113166644,403467.25,3.877356611,6.554997065,80.31205754,66.66465335,34.75678083,35.93828041,0.09,0,1,0,0.41579287
P04_SC_7,0.961538462,26,SC,4,245134.352,3784.107801,3.61,1.213249162,289481.25,2.156038344,0.34878611,77.96172677,47.44007269,37.43802324,42.8536888,0.2,0,1,0,0.374500702
P04_SC_8,0.860465116,129,SC,4,1984032.257,24188.77759,5.77,1.674457448,3051154.5,4.844340094,2.287901232,88.93038711,62.22990142,44.97598999,53.39712278,0.175,1,1,1,0.176314385
P04_SCB_20,0.666666667,12,SCB,4,24592.74019,1586.848144,9.26,3.540850159,83298.5,2.854479809,0,32.10755011,32.10755011,39.42875338,39.42875338,0.08,1,1,1,0.078219337
P04_SCB_21,0.663636364,110,SCB,4,1895752.95,21609.47451,10.8,2.443333866,4590230.25,4.427396361,4.225815489,28.48563539,6.860340111,44.68793281,57.76491335,0.215,1,1,1,0.100421289
P04_SCB_22,0.666666667,27,SCB,4,175534.8959,3532.017403,7.2,2.450507415,421364.75,2.378133166,8.32E-08,39.08810147,31.50230895,46.56993139,49.06724941,0.335,1,1,1,0.116855618
P04_SCB_23,0.6,35,SCB,4,259891.0945,5562.004524,8.42,2.340579253,593980.5,3.077731338,1.573944128,38.68552224,20.84930958,50.57945239,95.10013031,0.185,1,1,1,0.125631863
P04_SCB_24,0.7,20,SCB,4,233710.113,4454.745132,6.76,1.737614016,402909.25,2.599436287,28.14814881,32.01562961,14.94516636,35.07607166,54.45819717,0.12,1,1,0,0.321750798
P04_SCB_25,0.633986928,153,SCB,4,949981.7637,20310.07348,9.26,2.567459813,2383822.25,5.878261854,0.503973411,39.93546348,19.98148669,42.25624512,50.71985268,0.25,1,1,0,0.090924897
P04_SCB_26,0.68,25,SCB,4,115387.815,2554.123079,9.09,3.366352515,371477,2.121079344,4.33E-09,43.48804787,25.14550755,44.96679069,48.03431604,0.21,1,1,1,0.103175172
P04_TSC_10,0,2,TSC,4,15132.48853,1145.416342,1.07,0.44428125,3554.25,2.626656405,40.02971283,88.45345204,13.00364075,6.84469618,15.31721974,NA,0,0,0,0.263882999
P04_TSC_11,0.705882353,17,TSC,4,289339.946,7929.719328,6.44,1.166720091,282083.75,4.158614713,1.63E-07,89.08960129,39.41795913,18.96590708,39.88867209,0.16,1,1,1,0.306761339
P04_TSC_12,0.777777778,9,TSC,4,99759.11139,2221.345665,2.5,0.863626257,40784.75,1.983969204,0,79.21937059,73.65911415,14.75809217,14.75809217,0.195,0,0,0,0.242563856
P04_TSC_15,0.5,2,TSC,4,21610.57123,1373.446579,1.68,0.42205,8441,2.635564908,49.61168507,92.74864045,47.77784901,5.758906865,5.758906865,NA,0,1,0,0.66415573
P04_TSC_19,1,1,TSC,4,46551.20408,2660.257346,3.7,0.89050552,38314,3.47818966,23.8273955,82.47439224,78.04697462,18.35826832,18.35826832,0.06,0,0,0,0.466108942
P04_TSC_2,0.8,10,TSC,4,157894.8354,6178.135825,5.24,1.542779462,203569.75,4.385999294,0,89.52429609,79.02872686,19.05932773,19.77361963,0.065,0,1,1,0.142616195
P04_TSC_20,0.333333333,3,TSC,4,17977.41227,916.9516197,4.88,1.432738764,25502.75,1.929202877,15.86059511,46.56637432,13.37557536,11.41410076,20.39310023,0.19,1,0,1,0.209362457
P04_TSC_21,0,2,TSC,4,32603.2949,2261.042612,4.93,1.463456464,41598.75,3.53242597,6.584490175,72.52832371,9.69886773,21.36411748,27.29594732,0.03,1,1,1,0.327452127
P04_TSC_25,0.444444444,9,TSC,4,188647.6334,6173.478358,2.81,0.758825618,138922,4.009584009,26.4731919,45.64862421,1.915105047,9.420809765,179.5330798,0.285,0,0,0,0.693059788
P04_TSC_26,0.5,4,TSC,4,64417.41379,2057.723272,3.46,1.105706283,69079,2.287074938,0,38.20079433,27.15118656,24.06652743,24.06652743,0.295,0,0,0,0.361962744
P04_TSC_28,1,2,TSC,4,47132.52391,2402.65096,4.07,1.370265727,63169.25,3.121946122,22.91779217,46.47281131,27.9210588,12.52984189,37.5629587,0.025,0,1,0,0.151292156
P04_TSC_31,0.888888889,9,TSC,4,230142.8866,5243.0495,7.93,1.964012061,447794.75,3.083047727,38.4375068,19.87500605,16.49255066,59.29141972,70.46749186,0.13,0,0,0,0.237687393
P04_TSC_34,1,13,TSC,4,206985.8171,8099.75576,6.42,0.887073294,174886.5,5.022231149,11.21260153,48.0984577,33.15617855,33.49078278,38.73181826,0.05,0,0,0,0.526409023
P04_TSC_35,0.909090909,22,TSC,4,281190.6559,6519.75742,6.27,1.450450319,397786,3.468375125,0,63.15113377,20.74925526,26.8883036,102.1055369,0.065,1,1,0,0.326350375
P04_TSC_36,0,1,TSC,4,788939.745,61648.9827,4.94,0.56898736,400624,19.57938583,38.46657529,89.52099172,71.74992708,21.56664231,52.60592328,0.02,0,0,0,0.481280608
P04_TSC_37,0,1,TSC,4,51324.20184,2643.327404,3.6,0.683056443,32069.5,3.291432281,2.233841707,59.88843688,53.59913,31.09835584,43.86426956,0.04,0,0,0,0.599423092
P04_TSC_38,0,1,TSC,4,12244.71899,1017.612714,0.65,0.4135,4962,2.594198363,2.65E-07,41.11604779,1.414609944,8.278658011,18.13471343,NA,0,0,0,0.834322504
P04_TSC_39,0.5,2,TSC,4,59992.49061,2519.138486,1.63,0.618438581,35745.75,2.901340262,30.52622062,76.73170707,28.03146755,21.09733996,41.1592579,0.295,0,0,0,0.769632008
P04_TSC_40,0,2,TSC,4,14508.4238,1621.24602,2.06,0.569558011,7731.75,3.796941224,91.67936015,87.33718282,13.97902212,7.911023615,11.93749007,NA,0,0,0,0.471078173
P04_TSC_41,0,3,TSC,4,33917.92457,2335.525028,2.68,0.623027735,20217.25,3.577379044,78.42534586,70.48296144,20.04058951,0,21.47358714,0.24,0,0,0,0.642650301
P04_TSC_42,0.666666667,6,TSC,4,62469.64664,2385.837478,2.27,0.94723026,57283.75,2.692783265,35.38539978,35.70143115,1.247532433,47.58557617,76.81130395,0.08,0,0,0,0.441253779
P04_TSC_43,0.833333333,6,TSC,4,41369.95088,2815.655993,2.57,1.029507086,41772.25,3.90509999,41.21066328,24.45414706,22.0078291,9.365476673,22.37254028,0.105,1,0,0,0.442480415
P04_TSC_44,0.666666667,3,TSC,4,33827.73328,1360.321265,3.35,1.082486812,35911.5,2.086412165,0,47.73468982,47.73468982,13.52778046,20.43286469,0.21,0,0,0,0.417074635
P04_TSC_45,1,1,TSC,4,36743.43156,1031.641361,2.42,1.101908345,40274.75,1.518217373,0,19.87962661,18.84913062,6.171112723,6.171112723,0.01,0,0,0,0.307338378
P04_TSC_46,1,1,TSC,4,19636.74475,858.5311225,2.53,1.159757962,22760.25,1.728288992,1.15E-06,0,0,156.9771289,156.9771289,0.5,0,0,0,0.379122292
P04_TSC_9,0.333333333,3,TSC,4,32243.28912,991.2586271,5.94,2.891095023,79866.5,1.557264485,0,77.1126897,4.151399865,25.06144642,41.40944109,0.01,0,0,0,0.105158572
P04_USCB_1,0.666666667,3,USCB,4,53228.8681,5229.798618,6.42,1.357147595,40918,6.394497448,0.035734596,46.92395033,25.75578955,9.113147383,9.113147383,0.19,0,1,0,0.1608082
P04_USCB_10,1,3,USCB,4,37859.74817,2452.457218,6.35,1.793063123,67464,3.555557019,25.62918566,48.56038334,0,13.92024434,315.9188628,0.11,0,1,0,0.2792451
P04_USCB_11,0.789473684,19,USCB,4,113530.1652,2021.825697,5.77,1.239781471,136159,1.692712281,26.324426,30.449573,27.85230803,58.00822059,127.8339548,0.19,1,1,0,0.473785363
P04_USCB_12,0.4,5,USCB,4,23546.37541,1592.448031,9.24,3.657651869,78273.75,2.92750944,7.69E-08,45.80333247,32.69892604,43.41255028,51.36236164,0.23,1,1,0,0.07405345
P04_USCB_13,0.423076923,26,USCB,4,674440.7859,6364.824986,7.27,2.389402917,1580709.5,2.186299329,5.440083505,30.22293594,8.06245735,28.14441116,44.94405008,0.12,0,1,1,0.078409155
P04_USCB_16,1,1,USCB,4,79765.79105,5182.468146,4.73,1.097628319,62016,5.176346872,1.668088893,45.5806601,41.63549347,42.33829771,42.33829771,0.1,0,0,0,0.307918028
P04_USCB_18,0.722222222,18,USCB,4,220017.5701,3609.71685,5.8,2.546450297,546277.25,2.170898521,1.68E-08,43.23986218,32.9053098,32.06805246,33.52798671,0.26,0,1,0,0.052049972
P04_USCB_19,0.666666667,18,USCB,4,225360.8724,7008.569302,5.53,1.634474455,320724.75,4.164713996,1.047320087,32.84899581,26.47098788,35.56081808,56.09361997,0.04,0,1,0,0.283529767
P04_USCB_2,1,2,USCB,4,78481.02671,6430.323541,5.47,1.046271896,68687.75,6.475086208,0.104348991,45.19202677,35.47480068,43.34940492,43.34940492,0.46,0,0,1,0.336447478
P04_USCB_5,0.763636364,55,USCB,4,492942.5853,22520.46693,6.31,1.454766689,539354.75,9.048452053,0.923911605,46.77720535,38.67918007,28.57899558,35.08484715,0.13,1,1,1,0.257382798
P04_USCB_6,0.5,2,USCB,4,43495.04224,1289.611967,5.04,3.137639931,135938.25,1.744352468,0,12.52484031,0,34.83495597,34.83495597,0.22,0,0,0,0.122364701
P04_USCB_8,1,1,USCB,4,8809.651028,401.1034625,3.75,2.31022792,20272.25,1.205513634,0,32.48614675,32.48614675,58.32414267,58.32414267,0.16,0,0,0,0.150942009
P04_USCB_9,0.5,2,USCB,4,35117.29748,4371.193589,5.71,0.537604413,17055.5,6.580131388,0,49.94432452,0,35.2149048,68.01749568,0.285,1,1,0,0.469403267
P08_CFL_102,0.4,5,CFL,8,49823.20356,2615.239108,1.5,0.489804038,20019,3.30514598,100,62.04512663,3.274649169,0,189.0371855,0.12,0,0,0,0.945074109
P08_CFL_103,0,1,CFL,8,19048.86923,2668.811543,2.11,0.469206349,6460,5.454794267,100,60.69483484,0,6.26841127,288.519706,0.14,0,0,0,0.956788466
P08_CFL_104,0,3,CFL,8,76206.90327,3343.838538,1.19,0.381870355,22177,3.416986082,95.49222454,72.16208003,19.77731584,14.73079642,302.5616326,0.13,0,0,0,0.959303898
P08_CFL_106,1,1,CFL,8,4706.787697,641.6681278,0.88,0.489888889,2150,2.638415754,100,60.4656429,0,0,191.9064835,0.48,0,0,0,1
P08_CFL_109,0.666666667,6,CFL,8,43238.50318,2963.808385,2.86,0.615008432,17791,4.020775871,100,39.93558982,29.95770758,8.620352512,40.35985961,0.13,0,0,0,0.895491809
P08_CFL_110,0.75,4,CFL,8,47518.05982,2800.869177,1.81,0.269403974,968,3.624587118,86.51208859,85.33260826,14.56693464,6.485293642,116.6904515,0.045,0,0,0,0.996996407
P08_CFL_111,0,2,CFL,8,25231.77599,1297.388197,1.31,0.385129199,7171,2.304045762,100,55.10582182,0,2.863913169,244.4955774,0.235,0,0,0,0.996266231
P08_CFL_112,0,1,CFL,8,7693.272364,814.9358951,1.84,0.547695853,2880,2.620975502,100,50.97964766,0,3.852924338,44.79498677,0.37,0,0,0,0.921576812
P08_CFL_113,0.4,5,CFL,8,83583.04962,3722.218846,4.2,0.544387381,36147,3.631933311,100,71.52889663,8.260354402,4.601534142,247.3617902,0.12,0,0,0,0.951001116
P08_CFL_114,0.25,4,CFL,8,39010.09014,2440.909201,1.19,0.333982985,10317,3.4862475,96.88187583,70.13323447,14.76515676,0,92.51712342,0.13,0,0,0,0.996692601
P08_CFL_115,0.666666667,3,CFL,8,34096.07496,2368.833212,4.8,1.278618331,23097,3.618906463,100,78.5561761,18.02695763,11.5994266,40.19833689,0.17,0,0,0,0.707901299
P08_CFL_117,0.5,2,CFL,8,12661.33955,858.0370483,1.19,0.553342175,5063,2.151103369,100,69.99529995,25.96817015,12.95259484,21.48169087,0.115,0,0,0,0.953461329
P08_CFL_118,0.5,2,CFL,8,17250.37198,919.281074,0.38,0.241238616,3105,1.974440974,100,82.86851459,4.922960221,0.576884574,62.36968075,0.11,0,0,0,1
P08_CFL_119,0.290322581,31,CFL,8,1262744.523,8342.374762,2.22,0.579117394,621638,2.094242733,93.03657549,75.48413189,25.05269523,12.00984172,157.0863343,0.035,1,1,0,0.976327316
P08_CFL_122,0.625,8,CFL,8,206753.1873,6008.084782,3.28,0.636400956,110481,3.72739153,98.87268771,63.82303675,22.22430655,0.108050125,57.63908912,0.115,0,0,0,0.896945166
P08_CFL_123,0.6,5,CFL,8,36979.38544,1604.969603,1.37,0.420074938,12235,2.354409683,100,76.41227345,76.41227345,26.40996858,26.40996858,0.09,0,0,0,0.99989989
P08_CFL_126,0.142857143,7,CFL,8,53321.72971,2465.792916,1.14,0.349940672,12681,3.012309242,93.08584971,66.55105499,7.354743629,0,45.21328321,0.005,0,0,0,0.990238897
P08_CFL_128,0.222222222,18,CFL,8,255024.5118,9151.874602,2.5,0.479536091,71518,5.11227452,87.14540331,87.87582905,40.20174554,0,32.51583708,0.12,0,0,0,0.92897177
P08_CFL_13,0,1,CFL,8,6575.667208,518.2257091,0.48,0.300194175,1490,1.802785722,100,85.72576761,85.72576761,0,0,0.04,0,0,0,1
P08_CFL_131,0,1,CFL,8,12736.32829,1206.424576,1.08,0.342307692,2015,3.015595743,100,51.87556382,0,8.980876528,137.3444316,0.23,0,0,0,0.999922827
P08_CFL_134,0,1,CFL,8,15809.18533,1322.780477,4.05,0.628111111,9644,2.967755371,77.59800978,64.01486351,0,0,119.4665617,0.06,0,0,0,0.856193284
P08_CFL_135,1,2,CFL,8,8383.925733,1411.594533,1.09,0.330504202,930,4.348919059,100,72.15161275,1.311769825,2.588384344,73.15844771,0.23,0,0,0,0.995096292
P08_CFL_137,0,1,CFL,8,15704.85069,1379.665038,1.46,0.498127341,6453,3.105645075,68.31129114,50.65106114,0,12.11577905,53.06975543,0.05,0,0,0,0.948320344
P08_CFL_138,0,1,CFL,8,10506.53235,457.3698049,0.83,0.4016875,3090,1.258730793,88.25732448,72.31273715,0,37.61197213,176.589264,0.04,0,0,0,1
P08_CFL_147,0.666666667,3,CFL,8,42943.5345,1769.494842,2.08,0.362597066,10042,2.40877079,100,81.33869386,10.56663001,11.69080663,24.25858867,0,0,0,0,0.979906894
P08_CFL_148,0.666666667,3,CFL,8,28047.73506,1692.617112,0.91,0.403645038,5048,2.851050417,100,83.33960148,29.28698948,0,72.4299285,0,0,0,0,1
P08_CFL_151,0,3,CFL,8,19236.4871,737.8675871,1.1,0.357344322,4664,1.500757832,100,56.50234494,4.755873276,4.145893463,77.87951718,0.26,0,0,0,1
P08_CFL_152,1,1,CFL,8,29806.44243,1603.342465,1.27,0.345213675,6745,2.619788864,100,62.56501063,8.888152441,11.91419783,18.09529145,0.2,0,0,0,0.96467156
P08_CFL_154,1,1,CFL,8,2024.074369,226.1839632,0.3,0.148461538,83,1.418220129,100,75.25485204,0,5.981616839,109.3104007,0.45,0,0,0,1
P08_CFL_159,0.12,25,CFL,8,647218.7497,11389.84951,4.87,0.595944267,318216,3.993811002,98.50611285,96.59312785,46.53780063,31.9354775,53.62567738,0,0,0,0,0.904927939
P08_CFL_16,0.333333333,3,CFL,8,1917.866701,292.1493313,0.82,0.411960784,508,1.881874925,100,76.03774348,76.03774348,15.51243928,15.51243928,0.11,0,1,0,1
P08_CFL_160,0,1,CFL,8,10971.21265,600.7512931,0.22,0.153478261,146,1.617940201,79.41356281,49.27077626,0,0,152.8249536,0.52,0,0,0,1
P08_CFL_161,0,1,CFL,8,4417.660084,312.6694393,1.64,0.701496063,2177,0,100,0,0,1.182944819,325.2008404,0.28,0,0,0,0.866999907
P08_CFL_162,0,2,CFL,8,298960.5873,3841.226701,1.72,0.3805164,82415,1.981791851,100,95.64405701,63.37549218,10.09516206,27.41981916,NA,0,0,0,0.999473224
P08_CFL_163,0,1,CFL,8,19502.90573,1575.580567,0.68,0.286464844,3480,3.182629054,100,75.33451579,0,0,129.1452773,NA,0,0,0,1
P08_CFL_166,0,1,CFL,8,11709.1796,1226.068419,1.61,0.50509375,3918,3.196292682,100,49.41552491,0,0,163.6054314,0.53,0,0,0,0.995587834
P08_CFL_17,1,6,CFL,8,889746.4791,15540.84738,2.48,0.718421291,620495,4.647684345,100,49.42347213,3.104956929,15.64981345,23.00359883,0.09,0,1,0,0.855027822
P08_CFL_172,0.333333333,3,CFL,8,24264.9804,1946.00281,1.57,0.261577287,3885,3.524102722,97.74023067,91.10116605,0,7.959905578,165.3296516,0.255,0,0,0,0.986210222
P08_CFL_177,0,3,CFL,8,65817.02559,3408.263466,3.68,0.385017668,18298,3.747650665,99.08032452,75.47560819,0,28.42612479,168.8889294,0,0,0,0,0.988561529
P08_CFL_179,0.333333333,3,CFL,8,228935.116,8312.586381,1.45,0.429744361,75881,4.900890879,77.54427981,94.61867918,87.73403719,30.19730753,37.87522072,0.02,0,0,0,0.994176067
P08_CFL_18,1,1,CFL,8,138234.0612,4333.311703,2.44,0.89658514,118897,3.287815695,100,45.30683806,0,2.654168017,166.6307316,0.52,0,1,0,0.658207288
P08_CFL_182,0.5,2,CFL,8,73402.17954,3997.089414,2.46,0.685398122,41040,4.161831125,100,69.72665035,0,11.53536473,324.3890693,0.075,0,0,0,0.807946156
P08_CFL_184,0,1,CFL,8,5496.467096,425.0346019,1.25,0.532954545,1714,1.617251413,100,45.33386344,0,0,125.1571181,0.45,0,0,0,0.944083587
P08_CFL_188,1,1,CFL,8,10752.58501,644.1538378,0.59,0.333322884,2554,0,100,0,0,0,95.77932859,0.12,0,0,0,1
P08_CFL_192,1,1,CFL,8,11546.62625,1015.8685,2.79,0.541009174,2872,2.666889417,100,80.48705413,0,14.78344417,258.5347446,0.02,0,1,0,0.935664735
P08_CFL_193,0,2,CFL,8,26457.25378,1112.550018,1.09,0.428942116,5200,1.929488666,100,32.57073461,0,22.06594058,127.9002587,0.12,0,0,0,0.999784003
P08_CFL_194,0.4,5,CFL,8,125160.8039,2863.652848,0.93,0.422662321,40618,2.283396153,93.48697979,66.43507903,22.55729235,2.785748862,56.66099227,0,0,0,0,1
P08_CFL_196,1,1,CFL,8,4206.923829,646.7241432,0.41,0.24637931,341,2.812754434,100,51.60905099,51.60905099,0,4.919394124,0.04,0,0,0,1
P08_CFL_197,0,1,CFL,8,11540.69944,884.59806,1.23,0.856792873,9457,2.32287043,100,47.0695952,40.46792814,7.788361739,7.788361739,0.03,0,0,0,0.629655832
P08_CFL_198,0,3,CFL,8,37217.21704,1929.415071,2.45,0.686271586,21388,2.821296871,100,75.79210209,26.89686978,4.481428587,96.24286324,0.02,0,0,0,0.862061927
P08_CFL_200,0,1,CFL,8,63028.46404,2741.482416,0.87,0.228946803,9951,3.080435864,100,71.9765155,5.006538981,13.48115054,112.9034183,0,0,0,0,1
P08_CFL_203,0.4,5,CFL,8,65339.51933,3516.095547,1.22,0.435357906,19650,3.880322024,87.44756109,75.43068576,10.67409406,11.93634205,74.43191632,0,0,0,0,0.965225097
P08_CFL_205,0,1,CFL,8,17185.75441,643.3139916,0.49,0.369237113,4307,0,100,0,0,0,116.8836176,0.09,0,0,0,1
P08_CFL_206,0.333333333,6,CFL,8,66962.94314,2165.602584,1.22,0.454279954,19142,2.360785681,100,56.00018431,14.89785086,0.327706976,93.25444864,0.05,0,0,0,0.931828818
P08_CFL_21,0,1,CFL,8,65090.10128,1307.624087,3.59,1.224445723,78898,0,100,0,0,234.4523017,469.3537244,0.45,0,0,0,0.598425629
P08_CFL_210,0,2,CFL,8,25409.739,1103.618383,1.88,0.482008086,8652,1.953052384,100,35.98545929,9.739010779,18.92156633,42.14385617,0.08,0,0,0,0.945115478
P08_CFL_212,0.166666667,6,CFL,8,86278.03519,3570.384591,1.83,0.383438351,23685,3.428940464,98.46651445,71.61555,0,6.153008105,157.958025,0.3,0,0,0,0.980746874
P08_CFL_213,0,1,CFL,8,2065.195733,410.7347684,0.27,0.2134,250,2.549622751,-9.68E-10,90.7806844,0,4.564997779,41.15262766,NA,0,0,0,1
P08_CFL_215,0.5,2,CFL,8,3730.717898,488.4798072,1.54,0.825517241,2351,0,100,0,0,0,177.3945293,0.145,0,0,0,0.645581498
P08_CFL_216,0,2,CFL,8,54785.36869,3525.597001,0.81,0.291575492,3168,4.249085225,100,80.19909381,0,10.91934748,157.3916406,0.02,0,0,0,1
P08_CFL_218,0,2,CFL,8,10265.81631,519.677755,0.92,0.363092486,3009,1.446879791,92.83929845,24.32625172,0,2.440335866,62.60796338,0.03,0,0,0,1
P08_CFL_219,1,2,CFL,8,31251.49678,1696.968942,2.44,0.473392857,7679,2.70790579,100,69.01156157,16.80966444,0,74.17319408,0.095,0,0,0,0.960300337
P08_CFL_220,0,3,CFL,8,22606.2285,1361.888046,1.42,0.417677794,6937,2.555185413,94.05441349,72.34704072,30.48626009,22.62957858,73.81508927,0.07,0,0,0,0.958047785
P08_CFL_221,0,2,CFL,8,90295.81551,2468.635764,1.2,0.536423573,35344,2.317492153,100,82.66296249,13.47904703,11.29349336,106.6387041,0,0,0,0,0.949014225
P08_CFL_224,0.292682927,41,CFL,8,2811958.369,23530.5351,5.99,0.538189824,1155214,3.958425068,87.32147001,98.70925488,13.25565107,13.97683104,84.67861904,0,0,1,0,0.895123091
P08_CFL_228,0,3,CFL,8,313609.5262,10075.38568,1.56,0.416906277,105842,5.075304749,90.09100201,83.30631218,0,0,108.3462003,0.22,0,0,0,0.990357974
P08_CFL_23,0,3,CFL,8,191826.8163,3676.83633,2.5,0.753021913,140783,2.368179988,96.27401338,33.84867201,24.12568548,49.68749326,89.46003847,NA,0,0,0,0.795222386
P08_CFL_230,1,2,CFL,8,9256.386807,547.3215829,0.93,0.375789474,1022,1.604785144,86.33095964,57.26344762,15.8643185,3.273761009,41.89243497,0.325,0,0,0,1
P08_CFL_231,0.5,2,CFL,8,18649.33326,805.5429518,1.49,0.451473297,5928,1.663995377,100,70.43806476,0,9.850895512,221.0812407,0.04,0,0,0,0.920261819
P08_CFL_234,0,2,CFL,8,121887.5622,5849.9947,0.96,0.278204698,15607,4.726839382,99.08547491,76.3056491,31.90720747,10.65165161,144.8891448,0.06,0,0,0,1
P08_CFL_237,0,1,CFL,8,12817.93752,910.2199188,0.63,0.240853659,1836,2.267944008,100,26.97515411,4.945135002,0,34.69459314,0.07,0,0,0,1
P08_CFL_238,1,2,CFL,8,696433.9363,12233.91178,1.87,0.332343145,162852,4.135427867,99.03262865,85.63166934,53.86434355,0,124.4113012,0.025,0,0,0,0.999273246
P08_CFL_239,0,1,CFL,8,2934.58802,297.2498704,1.23,0.622347826,1736,0,100,0,0,3.481708218,131.5756317,0,0,0,0,0.932441929
P08_CFL_242,0,1,CFL,8,8605.534612,650.371711,NA,NA,NA,1.97773356,99.99285289,99.4516899,19.97435449,24.16627579,24.16627579,NA,0,0,0,1
P08_CFL_247,0.25,4,CFL,8,90250.20934,4119.528261,2.15,0.675077839,35968,3.868284841,100,89.19664488,3.454086311,18.72066208,69.82150222,0.045,0,0,0,0.864114647
P08_CFL_250,0.333333333,3,CFL,8,40308.04376,2071.108259,2.74,0.276531165,4801,2.910060433,79.84413889,82.442252,4.21940126,3.152416831,56.72083096,0.075,0,0,0,0.982120917
P08_CFL_258,1,1,CFL,8,4670.557116,563.6716243,0.45,0.169285714,406,2.326681288,5.35E-09,73.39122771,66.37883013,11.39332424,11.39332424,0.27,0,0,0,1
P08_CFL_259,0,2,CFL,8,41880.80144,1597.853549,1.28,0.42371813,14475,2.202543772,100,74.43351423,5.995756721,8.39391281,104.8551867,0,0,0,0,0.891165645
P08_CFL_260,1,1,CFL,8,42747.35359,2015.289071,2.33,0.565639445,17853,2.749652436,98.67710941,93.94350859,93.94350859,16.19817756,16.19817756,0.1,0,0,0,0.977265649
P08_CFL_261,0,5,CFL,8,77123.5365,5196.508589,1.52,0.414464286,10102,5.278533106,95.8583786,83.91205732,4.136126703,11.56253416,128.0913062,0.03,0,0,0,0.989383058
P08_CFL_263,0,1,CFL,8,5177.963017,568.8195337,3.05,0.471527778,1642,2.229924187,86.9689884,55.56064624,55.56064624,13.80760817,13.80760817,NA,0,0,0,0.940329521
P08_CFL_267,1,1,CFL,8,10508.67886,762.6091801,0.15,0.15,3,2.098567955,100,97.51821384,22.72403123,7.175417587,54.39538364,0.02,0,0,0,1
P08_CFL_269,0,1,CFL,8,20518.13763,1354.199855,0.49,0.188992806,1253,2.666913083,100,88.91505476,80.19989573,20.72885027,20.72885027,NA,0,0,0,1
P08_CFL_27,0.235294118,51,CFL,8,2056427.455,9579.669373,12.6,1.161086068,2341500,1.884468542,92.34185654,91.67188295,63.35634898,32.16645808,73.04007891,0,0,1,0,0.46469635
P08_CFL_271,1,1,CFL,8,11240.89976,707.2141152,4.13,2.053816568,17233,1.881678622,100,46.17417245,0,36.30530222,53.17106434,0.25,0,0,0,0.280088862
P08_CFL_273,1,1,CFL,8,8598.173486,625.2441162,0.64,0.350278884,2124,1.902136065,100,84.75845643,44.30268961,3.884624449,3.884624449,0,0,0,0,1
P08_CFL_276,0.75,4,CFL,8,81001.66058,3244.723142,2.46,0.736093624,44686,3.216071929,92.09940741,96.19644711,28.34860892,27.39258634,35.37823921,0,0,0,0,0.768625584
P08_CFL_28,1,1,CFL,8,36683.85663,2373.808839,1.36,0.663175355,20478,3.496256744,100,46.98381918,0,0,321.4228487,0.24,0,0,0,0.905702449
P08_CFL_280,0,1,CFL,8,8148.096056,531.9329509,2.2,0.565224719,2447,0,100,0,0,0,55.55496369,0.26,0,0,0,0.891675241
P08_CFL_281,1,1,CFL,8,18548.971,1974.937285,1.26,0.371117318,1597,4.090613679,100,70.92324879,43.0908051,10.85363819,10.85363819,0.08,0,0,0,0.995377151
P08_CFL_283,0.454545455,11,CFL,8,142939.602,3371.298779,1.25,0.439856975,54278,2.515451958,96.86473745,94.62257933,94.62257933,25.79577181,25.79577181,0,0,0,0,0.957316695
P08_CFL_288,0,1,CFL,8,16649.807,1335.568057,0.22,0.134004474,1354,2.919822761,100,87.35430664,87.35430664,19.45074742,19.45074742,0,0,0,0,1
P08_CFL_29,1,1,CFL,8,805.7653439,146.9262249,0.82,0.281578947,125,1.460125199,100,42.46891684,0,4.302108015,4.302108015,0.15,0,0,0,1
P08_CFL_291,0.684210526,19,CFL,8,335475.8063,13975.96249,2.49,0.751170998,182011,6.806850183,38.77452591,91.36333666,66.51453153,24.71771513,27.47918452,0,0,0,0,0.776505375
P08_CFL_292,1,2,CFL,8,35208.72155,1737.336706,1.27,0.598609389,16404,2.611884306,100,90.72093336,90.72093336,12.26301488,12.26301488,0.02,0,0,0,0.807510472
P08_CFL_295,0.222222222,9,CFL,8,151664.0872,3272.28832,1.29,0.481789442,39147,2.370310567,96.41022264,97.77512477,48.37622856,23.42950198,26.7414999,0,0,0,0,0.99976615
P08_CFL_298,1,1,CFL,8,2395.338331,298.6172014,NA,NA,NA,1.721180659,99.56910233,92.80082529,92.80082529,0,0,0,0,0,0,1
P08_CFL_300,0.916666667,12,CFL,8,250822.3169,8163.77046,4.34,1.610767674,275958,4.598357853,44.35689447,98.48692915,38.50257738,15.44256944,65.18342773,0,0,1,0,0.511292956
P08_CFL_308,0,2,CFL,8,10019.95406,609.4085683,NA,NA,NA,1.717397235,100,90.42859772,77.63583712,2.503198579,2.503198579,NA,0,0,0,1
P08_CFL_309,1,2,CFL,8,27188.39887,1731.755534,2.24,1.3371875,8488,2.962714725,85.1714905,92.2157129,87.99914962,7.288812375,7.288812375,0,0,0,0,0.855075778
P08_CFL_311,0.666666667,3,CFL,8,42328.07012,2377.278867,0.83,0.418051724,5866,3.259574893,99.82818743,96.3658738,63.98459593,9.398556099,11.34240518,0.01,0,0,0,1
P08_CFL_316,1,3,CFL,8,74890.0534,4201.639204,1.03,0.40238961,11218,4.33113534,100,96.83980089,80.36215304,13.2140086,13.2140086,0,0,0,0,0.999968609
P08_CFL_32,0.5,2,CFL,8,24054.68312,1587.87004,3.7,0.557191539,11478,2.888086541,100,52.06613518,0,1.626538058,186.0965152,0.165,0,0,0,0.966172233
P08_CFL_321,1,1,CFL,8,43353.34561,2275.944189,1.67,0.501498612,13141,3.083510044,72.36367664,94.77697946,94.77697946,0,0,0,0,0,0,0.956634023
P08_CFL_325,0,4,CFL,8,135021.1082,2643.045576,1.38,0.209276359,14841,2.029078673,100,90.48228242,28.32439895,19.52208694,58.85534512,0.05,0,0,0,0.996189997
P08_CFL_326,0.4,5,CFL,8,62541.74215,3292.537019,2.63,1.092403734,23092,3.713990148,84.02104608,97.71441428,83.23464995,14.69162738,20.50220915,0,1,0,0,0.830133189
P08_CFL_328,0.5,2,CFL,8,41784.98133,1820.783329,1.69,0.675327635,5797,2.512714989,100,62.19321974,8.895790833,19.76796383,50.18707109,0.1,0,0,0,0.944259218
P08_CFL_330,0.2,5,CFL,8,32459.2447,841.3740024,6.17,2.157796755,62740,1.317391788,45.72618815,79.42244236,0,39.98738667,428.2540991,0,0,1,0,0.312026336
P08_CFL_332,0.75,4,CFL,8,141462.7041,3403.234201,10.86,4.060308845,553425,2.552501039,17.81193958,91.03144667,86.27471706,51.96355234,51.96355234,0,0,1,0,0.139124906
P08_CFL_333,0.333333333,3,CFL,8,28694.98651,725.8429959,3.55,1.431237785,32593,1.208745155,56.96564596,79.30081352,45.79148478,15.89238349,15.89238349,0.12,1,0,0,0.401866485
P08_CFL_334,0.071428571,14,CFL,8,668874.0215,7032.043473,1.75,0.489642676,233435,2.425517715,78.64767755,96.29680124,42.87757974,24.08353641,55.87294474,0,0,1,0,0.95577584
P08_CFL_335,0.785714286,28,CFL,8,711753.074,14641.84864,11.2,1.15462248,698161,4.895829735,69.72499874,91.31633036,85.54320903,29.52815706,29.52815706,0,0,1,0,0.754888886
P08_CFL_337,0.326086957,46,CFL,8,2652454.595,19065.16039,4.64,0.757269209,1943231,3.302262192,92.57674215,64.03595897,35.79721952,38.03293132,38.73448058,0.03,0,1,0,0.878896465
P08_CFL_338,0.606060606,33,CFL,8,217207.0922,5062.245316,3.7,0.769789461,162200,3.064088146,98.71026857,48.62112068,0,17.96382839,1113.099625,0.08,0,1,0,0.891504504
P08_CFL_339,0.35,20,CFL,8,471663.4938,5468.12531,7.57,1.897637275,882736,2.246039527,63.92395841,49.6552095,5.765921372,23.65870315,568.3207116,0.095,0,1,0,0.381284013
P08_CFL_340,0.648648649,37,CFL,8,1137828.008,7631.016502,2.97,0.994744547,1105504,2.01808359,85.98339515,52.49558002,13.41699687,33.11394767,1391.661546,0.085,0,1,0,0.660298914
P08_CFL_341,0.714285714,7,CFL,8,13295.55116,998.0262194,2.32,0.652051836,7369,2.441652455,100,47.24344258,14.50410002,11.07430475,127.9335961,0.09,0,1,0,0.883395706
P08_CFL_342,0.294117647,17,CFL,8,15976287.67,22385.18872,7.9,1.545704304,24450614,1.579857414,41.60882989,20.53371731,9.137742413,12.43542861,12.43542861,0.14,0,1,0,0.187023993
P08_CFL_343,0.423076923,52,CFL,8,9853509.811,31667.33804,6.19,1.054689258,10188246,2.845844392,47.6311873,32.60107112,16.05508762,24.51520971,64.02381863,0.11,0,1,0,0.527494338
P08_CFL_344,0.6,5,CFL,8,189164.2447,5126.412718,1.25,0.501331631,66662,3.324980559,80.89603755,89.16100034,30.6523909,29.31440901,250.5129585,0.01,0,0,0,0.999537669
P08_CFL_348,0,9,CFL,8,1532154.134,23211.52837,2.91,0.50940808,537466,5.289901401,98.14005938,98.65909655,22.56660855,19.10144823,19.93195739,0,0,0,0,0.986136443
P08_CFL_349,0.310344828,29,CFL,8,2421704.094,8523.80375,7.89,1.358222875,3248158,1.545140487,51.01936252,42.01710647,10.19095507,33.66302849,286.7996422,0.055,0,1,0,0.333354071
P08_CFL_35,0,3,CFL,8,43456.75101,2112.804553,2.92,0.529992218,16536,2.859076432,100,59.78380245,51.25514787,0,5.679230732,0,0,0,0,0.952713798
P08_CFL_350,0,1,CFL,8,226689.8797,3682.469107,2.27,0.947635038,211052,2.18181596,100,51.85086058,0,120.8048558,482.2899587,NA,0,0,0,0.6873818
P08_CFL_351,0.333333333,3,CFL,8,87420.09843,3745.411337,0.88,0.261647362,14365,3.57346015,96.99762508,75.06631133,8.928587421,29.71529748,43.28914128,0.12,0,0,0,1
P08_CFL_352,0.333333333,6,CFL,8,115154.5413,5641.385638,0.91,0.352429977,22275,4.689648817,76.14335283,92.41646178,91.68883674,54.07224762,54.07224762,0,0,0,0,1
P08_CFL_353,1,5,CFL,8,48714.85083,4534.450846,1.85,0.752968127,9262,5.795475553,95.19128011,94.43876338,22.46135843,1.431687238,44.51134383,0.08,0,0,0,0.911496731
P08_CFL_354,0,2,CFL,8,38691.6823,2845.371762,1.16,0.309391534,5542,4.080611779,100,83.26978547,1.658532848,24.93130205,122.5722751,0.02,0,0,0,0.998767388
P08_CFL_355,0,1,CFL,8,21437.65943,1355.566444,0.61,0.286824324,1976,2.611723486,99.75309774,91.38702152,60.4699287,17.26726939,17.26726939,0,0,0,0,1
P08_CFL_36,0,3,CFL,8,47828.73299,2216.33036,1.59,0.552271023,25067,2.858808901,100,43.13985374,0,0,87.64237923,0.17,0,0,0,0.997169766
P08_CFL_365,0.5,2,CFL,8,39881.9087,2374.677095,1.24,0.397221542,7790,3.354375397,67.44247327,98.64464736,37.27452398,2.544861485,2.544861485,0,0,0,0,0.976428918
P08_CFL_368,1,1,CFL,8,22564.39167,876.1119312,0.95,0.31372549,3791,1.645291478,100,88.88878427,87.56283436,13.83533255,13.83533255,0,0,0,0,1
P08_CFL_369,1,2,CFL,8,27465.7942,1279.901693,1.46,0.479427208,9742,2.178590477,98.49226101,85.87316423,85.87316423,3.084855408,3.084855408,0,0,0,0,0.949728596
P08_CFL_40,0,1,CFL,8,8528.432639,464.7888627,1.53,1.092238372,9257,0,100,0,0,0,551.5997427,NA,0,0,0,0.283567304
P08_CFL_41,0.571428571,7,CFL,8,154085.329,7168.229911,5.17,0.54662973,63407,5.151412762,100,63.66547418,20.27631596,0,51.01253083,0.105,0,0,0,0.952619687
P08_CFL_42,0.5,2,CFL,8,188714.8687,3876.491956,1.42,0.492443305,88276,2.517276351,98.08103034,62.28839299,0,26.68587885,344.3763254,0.15,0,0,0,0.980425192
P08_CFL_45,0,1,CFL,8,122197.0285,1791.073693,1.48,0.511816943,54530,1.445367219,92.37631849,55.12819753,0,60.43076617,581.8480288,0.02,0,0,0,0.998366445
P08_CFL_46,0,1,CFL,8,17338.87325,930.9013836,0.94,0.463902077,7559,1.994289984,100,48.27264568,0,0,493.4775692,0,0,0,0,1
P08_CFL_47,1,1,CFL,8,3116.11581,677.0018634,2.96,1.018913043,2311,3.421197432,100,49.58453567,0,11.4455908,59.63187447,0,0,0,0,0.649110208
P08_CFL_49,0,2,CFL,8,6497.652536,333.3306067,0.77,0.540806452,3273,1.166519544,100,24.76601538,0,0.498562622,719.8098955,0.185,0,0,0,1
P08_CFL_56,0.2,5,CFL,8,284186.8926,5729.006574,1.72,0.514444974,131128,3.031603272,100,68.22061887,27.25982169,25.82619393,335.7495184,0.02,0,0,0,0.995000756
P08_CFL_58,0.125,8,CFL,8,154001.4063,5419.484326,3.69,0.513767777,69347,3.895746503,100,60.57455485,0,0,644.8377565,0.17,0,0,0,0.980315559
P08_CFL_64,1,1,CFL,8,16195.35249,1160.920822,1.01,0.466819923,5901,2.57337138,100,39.5593576,0,1.564516657,140.361896,0.18,0,0,0,0.999992078
P08_CFL_65,0,1,CFL,8,2392.427552,270.1998844,0.63,0.563061224,1343,0,100,0,0,0.909539071,539.0100411,0.07,0,0,0,1
P08_CFL_70,1,1,CFL,8,18943.6507,1885.722027,0.92,0.482550336,6972,3.864923514,100,49.00191019,13.410024,73.22783904,96.93444206,0.12,0,0,0,1
P08_CFL_71,1,2,CFL,8,5890.870734,375.6122053,2.55,0.522017544,2883,1.380527359,100,41.84858971,0,18.79191899,366.6928037,0.275,0,0,0,0.931383583
P08_CFL_72,0,5,CFL,8,195471.8652,6934.79837,2.49,0.511577781,78704,4.424730033,100,61.05549124,1.740735154,10.5347346,246.9646235,0.17,0,0,0,0.996811028
P08_CFL_74,0,1,CFL,8,10261.62314,727.6650952,1.79,0.606761658,5711,2.026369223,100,49.10473383,0,0,364.5530849,0.15,0,0,0,0.878155501
P08_CFL_76,0,1,CFL,8,10464.08762,735.355522,1.18,0.359202899,2376,2.027877621,79.72506154,53.5795944,53.5795944,0,0,0.23,0,0,0,0.984792732
P08_CFL_77,0,1,CFL,8,3415.258632,551.697776,1.16,0.539262295,1598,2.663081776,100,34.50224493,0,1.539312595,34.7552654,0.21,0,0,0,0.976184055
P08_CFL_78,0,1,CFL,8,34776.23915,1594.212223,1.22,0.428762136,8537,2.41157013,100,31.19711847,31.19711847,0,32.88330407,0.27,0,0,0,0.999708296
P08_CFL_79,0,1,CFL,8,71375.88483,3253.598964,2.54,0.740908347,44360,3.435447663,100,44.12363221,3.928768513,37.6210846,168.5924195,NA,0,0,0,0.7990492
P08_CFL_80,0.5,2,CFL,8,45945.76493,2868.22883,1.4,0.522776758,20850,3.774731992,100,43.83173816,0,10.125857,634.9731122,0.055,0,0,0,0.987376172
P08_CFL_81,1,1,CFL,8,72521.76552,2217.083569,1.01,0.50079865,32414,2.322431682,100,41.02119771,0,27.281389,281.5600961,0.08,0,0,0,1
P08_CFL_84,0,1,CFL,8,37576.64883,4074.121217,5.05,0.811346974,23374,5.928843566,100,87.79179424,18.65293145,0,57.91858065,0.06,0,0,0,0.843461533
P08_CFL_85,0.4,5,CFL,8,91632.58197,4101.976973,2.32,0.459221615,34557,3.822639335,100,79.36661005,0,0,307.5994249,0.105,0,0,0,0.998396422
P08_CFL_87,0.25,4,CFL,8,32952.92568,2052.477068,1.64,0.520414286,8851,3.189527804,96.67071119,63.42090827,10.58382537,0,69.34545302,0.24,0,0,0,0.963198312
P08_CFL_88,0.25,4,CFL,8,77085.28474,3708.623385,1.62,0.479814986,25126,3.768096879,100,75.94033801,4.684455718,0.773699988,155.9490386,0.04,0,0,0,0.980643145
P08_CFL_89,0,3,CFL,8,88230.88171,2284.107509,1.93,0.652698693,45053,2.169208513,98.40082135,57.48669626,0,3.721581871,181.3472752,0.12,0,0,0,0.949885943
P08_CFL_91,1,1,CFL,8,4952.395277,339.1009982,0.58,0.365211268,1244,1.359303659,100,58.80886905,0,24.54284451,56.94480665,0.05,0,0,0,1
P08_CFL_92,1,2,CFL,8,86844.79298,3203.054005,3.16,0.600722204,43623,3.066107922,100,35.26782755,0,14.84028132,337.9733834,0.54,0,0,0,0.904043159
P08_CFL_93,0,2,CFL,8,3842.842808,428.9507359,0.41,0.192857143,31,1.951983649,100,79.43569304,0,0,109.0038619,0,0,0,0,1
P08_CFL_94,0.222222222,18,CFL,8,313822.6415,12768.81513,4.51,0.515520644,145220,6.429889813,100,66.39020921,0.395767457,3.730082703,325.4136866,0.075,0,0,0,0.971615348
P08_CFL_96,0.6,5,CFL,8,85475.52105,3194.12165,3.34,0.526882572,27471,3.081950381,91.76266443,80.71592691,10.40995208,0,37.69455329,0.09,0,0,0,0.965719173
P08_CFL_98,1,3,CFL,8,15133.54269,786.0670958,2.58,0.827111597,9275,0,100,0,0,0,128.7844927,0.11,0,0,0,0.770780109
P08_SC_1,0.723404255,47,SC,8,3217051.766,32633.33615,7.59,2.635716133,8457288.25,5.13248298,0,12.29448675,2.48022618,66.6495719,160.4759185,0.275,1,1,0,0.063626339
P08_SC_10,0.590909091,22,SC,8,561915.7655,17525.16308,4.54,1.406650711,705259.5,6.595102162,0.002431417,75.5412784,24.99267678,20.88806279,52.95782492,0.11,0,0,0,0.439017145
P08_SC_11,0.582677165,127,SC,8,2464317.705,45864.45696,13.1,1.792077807,4279437,8.241817149,0.620322057,48.314331,13.2463307,33.381112,132.1273916,0.2,0,1,0,0.37163836
P08_SC_13,0.75,16,SC,8,332166.1285,4849.61555,9.1,2.653591004,796409,2.373693864,7.429091119,84.63968916,54.76705346,54.55916865,68.12446968,0.12,1,1,0,0.286789965
P08_SC_14,0.928571429,14,SC,8,380644.9875,5848.86631,9.19,2.454927633,826881,2.674278945,14.09620722,72.7493191,49.26941978,44.85827027,50.78299376,0.135,1,1,0,0.332877154
P08_SC_15,0.782608696,23,SC,8,522891.6512,7899.420411,130.63,2.340651982,1062656,3.081658018,5.627666509,87.73036445,44.39266225,47.1501708,58.17957697,0.13,1,1,0,0.306476642
P08_SC_16,1,3,SC,8,109005.4848,3123.051955,9.82,1.815776202,172816.5,2.6683949,2.14E-06,77.96021165,26.88188026,23.08998849,32.72404036,0.06,0,0,0,0.358389306
P08_SC_17,0.903225806,62,SC,8,1226171.092,13783.22688,11.89,2.652220105,3027509.25,3.511320211,2.52803369,82.77919211,64.57983928,61.22608168,62.42919459,0.13,1,1,0,0.217890601
P08_SC_2,0.333333333,9,SC,8,240139.1959,9005.454393,6.82,1.334517734,315113,5.184049898,0.770430018,26.18247965,2.5907594,28.21573653,82.24400257,0.19,0,0,0,0.471538601
P08_SC_3,0,1,SC,8,37943.63114,1683.786886,4.95,1.601590457,60420,2.438443772,0,20.25936926,0,21.51999261,593.6450569,0.28,0,0,0,0.295458569
P08_SC_4,0.333333333,6,SC,8,221960.8751,4444.70262,5.96,1.026781018,224480,2.661335106,0,28.61412331,0.100747231,43.35414232,235.5344083,0.33,0,0,0,0.67895166
P08_SC_5,0.8,15,SC,8,315604.7074,7743.099397,7.73,1.318453325,407468,3.888106623,1.156152183,46.2762812,3.609844313,27.60126652,85.18771701,0.23,1,0,0,0.465772295
P08_SC_7,0.833333333,6,SC,8,88009.33057,3961.046449,1.79,0.649475209,50431.75,3.766523178,0,92.04509447,22.29212077,2.725203392,28.65052129,0.22,0,0,0,0.888772415
P08_SC_8,0.545454545,11,SC,8,226368.4136,8168.822777,5.47,1.154205102,229600.25,4.843358636,4.943951779,82.32626882,19.01054922,20.47798558,46.75399748,0.22,0,0,0,0.592959179
P08_SC_9,0.916666667,24,SC,8,454242.2833,10521.25793,6.39,1.295788803,558938.5,4.403712485,2.181153026,75.72833985,25.59448116,29.2383281,74.56171013,0.24,1,1,0,0.470980377
P08_SCB_21,1,1,SCB,8,158546.2732,4768.357373,6.45,2.04122782,322105.75,3.378203799,2.608836815,7.531071086,4.356805612,33.85071736,46.81791018,0.16,0,1,0,0.404294971
P08_SCB_22,0.307692308,26,SCB,8,257597.2478,5231.486453,9.05,2.066275541,510680,2.90769978,3.790717481,38.91473973,12.71422391,52.8538064,99.78225698,0.29,1,1,0,0.237580973
P08_SCB_23,0.75,20,SCB,8,237810.7361,5003.900282,6.39,2.068420331,452725.5,2.894596188,1.976937802,41.43757948,10.19817199,48.84788617,63.35153715,0.33,1,1,0,0.231312626
P08_SCB_24,0.2,5,SCB,8,121757.577,2872.957393,5.36,1.563536358,188679.75,2.322609803,32.98945468,25.49809538,25.49809538,12.60855769,12.60855769,0.04,0,0,0,0.363856802
P08_SCB_25,0.513888889,72,SCB,8,1102956.646,12282.65866,9.19,2.460640981,2677608,3.299196855,2.783333844,39.2431992,20.78327393,52.9056703,57.55173529,0.35,1,0,0,0.170583049
P08_SCB_26,0.504347826,115,SCB,8,1372202.236,16472.92774,24.62,3.081738959,4099483.25,3.966950671,4.197573136,38.97324227,34.26452377,55.37898509,79.82552319,0.22,1,1,0,0.141693747
P08_SCB_27,0.071428571,14,SCB,8,182426.3994,3243.429117,13.19,5.070944915,897557.25,2.1421784,8.96E-07,43.47404819,0.229786677,13.10394399,464.2282023,0.24,1,1,0,0.053608836
P08_SCB_28,0.272727273,66,SCB,8,354341.2232,5630.983298,11.14,2.25811117,742410.5,2.668507742,3.166933426,30.9036323,22.44741996,65.05433544,65.05433544,0.22,1,0,1,0.247180474
P08_SCB_29,0.310344828,29,SCB,8,455920.3498,7479.829262,10.73,2.657724307,1110065,3.124944179,3.104673668,42.54278099,17.24369104,32.29838053,62.11883774,0.14,1,1,0,0.254281087
P08_SCB_30,0.148148148,27,SCB,8,141612.5135,3463.376319,11.19,2.711258768,357547.25,2.596234612,0,43.72201012,11.43910763,48.05662704,159.1548923,0.155,1,1,0,0.141553911
P08_SCB_31,0,22,SCB,8,182637.9293,3756.532165,7.58,3.818294944,658942.25,2.479628918,0,43.26675583,5.961809338,47.57106129,137.633342,0.225,1,1,0,0.156909748
P08_SCB_32,0,1,SCB,8,12485.28951,665.9811902,5.48,1.618155556,18204.25,1.681348429,0,31.28338949,4.947601033,9.203049832,9.203049832,0.07,1,0,0,0.427533562
P08_SCB_33,0.442307692,52,SCB,8,471136.1517,8262.616371,13.24,4.12920086,1823971.25,3.395779186,0.108367312,41.12124907,38.19620571,38.71492724,38.71492724,0.16,1,1,0,0.141554255
P08_SCB_34,0.25,28,SCB,8,373427.0882,5727.757174,25.68,6.20234488,2229122.75,2.644093185,1.27E-06,50.12784866,38.68828121,47.48705075,47.48705075,0.145,1,1,0,0.078126697
P08_TSC_12,0.157894737,19,TSC,8,178218.8655,3748.454354,2.24,0.824144555,126568,2.50478502,24.17660273,71.0832287,30.83316112,52.56823577,52.56823577,0.065,1,0,0,0.70498806
P08_TSC_18,1,3,TSC,8,46483.29315,2166.495121,2.11,1.306679307,60303.25,2.834681955,2.15E-10,20.52881155,0,48.21499568,331.2919716,0.18,0,1,0,0.209206027
P08_TSC_22,1,1,TSC,8,68549.9642,3082.519353,1.83,0.844849596,57576.5,3.321217088,5.84E-10,0,0,40.98484677,40.98484677,0.15,0,0,0,0.821121161
P08_TSC_23,0.333333333,3,TSC,8,40894.72806,1638.80985,3.13,0.875539702,35284.25,2.286072352,0,30.04842192,30.04842192,2.394678029,2.394678029,0.11,0,1,0,0.713060981
P08_TSC_24,1,1,TSC,8,28615.22743,1900.483451,2.31,0.917556561,25347.5,3.16927963,0,19.96712149,0,30.96174752,77.0513442,0.09,0,1,0,0.575998354
P08_TSC_25,0,1,TSC,8,9009.256224,674.6144037,5.44,1.095421348,9749.25,2.004962288,5.55E-10,0,0,25.68909217,63.89300005,NA,0,0,0,0.613899118
P08_TSC_27,0,1,TSC,8,95305.51974,4068.845092,2.11,0.769518801,73162,3.717981263,5.25E-10,9.303759186,0,27.65041617,534.091327,0.15,0,0,0,0.818446412
P08_TSC_29,1,1,TSC,8,850869.3093,11025.29295,6,2.4927539,2121271.25,3.371737656,1.18E-10,0,0,70.6943299,70.6943299,0,0,1,0,0.042831561
P08_TSC_31,0,1,TSC,8,140753.3795,3800.982218,1.33,0.565463213,78585.25,2.857995168,1.85E-07,35.63317575,6.049811112,15.67167614,486.8079647,0.1,0,0,0,0.993828455
P08_TSC_34,0,1,TSC,8,10185.46242,1100.425551,2.43,0.596394737,5665.75,3.07585146,0,60.93860569,3.035877809,10.31209518,124.3055184,NA,0,0,0,0.893944832
P08_TSC_38,0,2,TSC,8,35452.60907,2491.254276,3.02,0.585272727,20118.75,3.732407248,0,32.98658478,0,9.636900891,213.8405158,0.075,0,0,0,0.945939988
P08_TSC_41,0,1,TSC,8,48353.87279,2610.740775,4.43,0.725592071,34774,3.34921624,6.20E-10,5.235595126,0,85.84661799,654.57311,0.27,0,0,0,0.840225319
P08_TSC_43,0.666666667,3,TSC,8,95940.75723,4392.436099,2.74,0.812341554,76583.5,4.00035883,0,14.2405183,2.054712868,17.83431157,73.34620173,0.5,0,0,0,0.733927321
P08_TSC_44,1,1,TSC,8,123355.9481,7532.809921,3.27,0.64531171,76598.5,6.050232009,4.78E-08,27.15185486,0.944154515,14.46905284,14.46905284,0.17,0,0,0,0.879605212
P08_TSC_45,0,1,TSC,8,59286.14468,4884.632348,6.07,0.674903717,37676.5,5.659138781,0,61.92163571,0.166413875,11.78173079,261.2440903,0.3,0,0,0,0.867713291
P08_TSC_46,0.2,5,TSC,8,70496.03993,3285.895238,1.48,0.515231132,27307.25,3.491133209,51.62099523,73.65264794,56.29041722,14.46844609,14.90563357,0.21,0,0,0,0.96907024
P08_TSC_48,1,3,TSC,8,52877.03269,2744.36953,2.7,0.726666667,34825.5,3.366697674,0,59.49343665,7.857171923,25.12942535,190.0014067,0.32,0,0,0,0.816817689
P08_TSC_49,0.75,4,TSC,8,104863.3045,5061.078407,2.91,0.816715686,83305,4.408860562,0,19.94699623,4.246827541,25.4470331,35.6876816,0.185,0,0,0,0.734549244
P08_TSC_50,0.2,5,TSC,8,87382.91125,3041.247589,5.74,1.13045613,97275.75,2.902241787,0,27.73155696,0,67.77388125,252.0820595,0.2,0,0,0,0.559851623
P08_TSC_54,0.5,8,TSC,8,118945.3844,3587.106062,3.79,0.703377956,78813.5,2.934036342,0,42.4328921,1.718622308,20.64747292,89.79001157,0.27,0,0,0,0.770730662
P08_TSC_55,0.333333333,3,TSC,8,78005.82772,3722.068055,1.92,0.597443106,44629,3.759376764,0,51.75557991,12.07881046,21.83663283,89.09464758,0.1,0,0,0,0.920640412
P08_TSC_57,0,1,TSC,8,12546.05398,2187.820116,0.29,0.154869565,890.5,5.510019086,0,91.6789075,4.664834873,7.665926886,84.67073423,NA,0,0,0,1
P08_TSC_58,0.625,8,TSC,8,132056.8305,7410.879286,4.53,0.745599138,86489.5,5.752867512,0,67.45137668,4.807632121,9.669035859,72.34216285,0.175,0,0,0,0.785704488
P08_TSC_59,0,2,TSC,8,80434.90896,6366.459215,4.72,0.678970386,49293.25,6.332435018,1.328497258,53.04954204,0.134355965,17.76951031,311.8161959,0.165,0,0,0,0.823028566
P08_TSC_60,0,1,TSC,8,26852.39921,1997.887758,3.59,0.741604396,16871.5,3.439336005,0,70.57594431,0,0,183.283442,NA,0,0,0,0.833310295
P08_TSC_63,0.666666667,3,TSC,8,18470.31804,1002.001489,2.48,0.632404692,10782.5,2.079822384,0,55.1999517,0,17.30382771,281.4989975,0.4,0,0,0,0.905900048
P08_TSC_64,0,3,TSC,8,59379.55896,3054.168134,2.14,0.629149798,34965,3.535652107,0,41.0095083,5.27735576,25.97853755,45.87999138,0.05,0,0,0,0.818002987
P08_TSC_65,0,1,TSC,8,4885.975559,705.3209498,1.53,0.585698925,1361.75,2.846467349,0,61.34318036,41.06078809,0,0,0.17,0,0,0,0.982746683
P08_TSC_66,1,2,TSC,8,38399.11431,3570.159467,2.14,0.701387373,22497,5.139514307,0,83.14897609,0,3.471706591,224.2872674,0.115,0,0,0,0.810937072
P08_TSC_67,0,2,TSC,8,51481.27483,4770.243912,2.52,0.475098468,21712,5.930768981,24.5910389,49.80350113,0,15.52499853,237.391311,0,0,0,0,0.969563078
P08_TSC_69,0,6,TSC,8,112105.606,4815.139743,2.75,0.738632639,78867.5,4.056862592,0.7883019,21.78532564,8.513047942,15.80102755,66.15357668,0.185,0,0,0,0.784659114
P08_TSC_70,0.647058824,17,TSC,8,394170.77,7866.848487,52.33,3.718685449,1343003.25,3.534708839,0.711234264,74.38240326,26.90275376,40.66884191,59.38225755,0,0,1,0,0.372569418
P08_TSC_71,1,3,TSC,8,64954.24284,2044.330023,3.55,0.740161527,37803.75,2.2627799,2.62E-09,84.96146451,56.73681633,6.881142689,6.881142689,0.03,0,1,0,0.788288543
P08_TSC_72,0.764705882,17,TSC,8,284634.6568,8302.127718,5.12,1.636024494,384056.75,4.389758102,8.783119082,86.88537012,55.64774492,30.58938299,30.58938299,0.07,0,1,0,0.468377148
P08_TSC_74,0.75,4,TSC,8,48221.1811,2481.33735,5.4,1.580824135,53708.5,3.187586354,0,92.84836652,60.86960056,18.58195968,39.30398658,0.17,0,1,0,0.694975229
P08_TSC_76,1,1,TSC,8,51534.38643,3512.395416,2.77,1.173397059,59843.25,4.364654938,3.88E-10,8.142328342,0,31.41410318,367.2968264,0.16,0,1,0,0.457996521
P08_TSC_77,0,1,TSC,8,3838.690898,581.3878622,1.48,0.622377622,2225,2.64709457,1.82E-09,33.00992099,0,10.11753994,141.8092337,0.17,0,0,0,0.882910141
P08_TSC_78,0,1,TSC,8,26057.54932,2402.219408,1.75,0.596480506,14151.5,4.197985703,0,58.60766589,2.610060403,8.686051235,38.1575517,0.02,0,0,0,0.905372108
P08_TSC_81,0,1,TSC,8,17696.28418,1694.294655,1.82,0.731530055,10040.25,3.592882106,3.7790829,80.24985519,39.00300826,4.776814228,291.1720424,NA,0,0,0,0.863462387
P08_TSC_82,0.5,2,TSC,8,79107.95035,5561.435406,5.95,0.757721657,52131.25,5.577915094,0,60.71716814,9.527375833,9.349634239,30.22467786,0.245,0,0,0,0.824060571
P08_TSC_84,0.5,2,TSC,8,88543.14081,5473.189388,3.36,0.614328032,49253.75,5.188694279,17.86370554,43.45831699,18.088856,16.63777795,29.5058539,0.09,0,0,0,0.862408886
P08_TSC_85,1,1,TSC,8,24530.87315,1423.42384,3.05,0.785124481,18921.5,2.563733036,3.464761562,15.58547559,3.826089083,28.94750887,108.4460894,0.03,0,0,0,0.673024381
P08_TSC_86,0.375,8,TSC,8,119875.9486,4089.028558,2.71,0.617640697,69963.25,3.331571845,0,36.7179282,1.742352347,20.53312313,99.62971655,0.395,0,0,0,0.837389939
P08_TSC_87,0.833333333,6,TSC,8,116860.2318,6114.314328,2.43,0.647502928,69104.75,5.045560959,0.001610061,48.66925055,26.17121078,7.731802121,7.731802121,0.2,0,0,0,0.870193206
P08_TSC_88,0.3,10,TSC,8,103435.6731,3057.908544,1.84,0.54195599,55415,2.682158187,0,13.21339554,12.20803924,24.77552351,49.65957586,0.065,0,0,0,0.954592808
P08_TSC_89,0.75,8,TSC,8,127298.6681,5093.551413,139.67,2.082724516,223216,4.027205879,0.325508956,92.06548812,20.29626336,20.42756286,412.6445059,0.15,0,1,0,0.394879374
P08_TSC_90,1,1,TSC,8,67976.01136,2215.714148,12.11,3.028530564,193220.25,2.397347331,0,56.86913095,36.10107712,2.21126067,2.21126067,NA,0,0,0,0.341356177
P08_TSC_91,0.333333333,3,TSC,8,39708.68652,2686.977505,1.98,1.120895212,40380.25,3.803788295,5.730754972,6.8603166,3.716031982,24.67723181,90.1758127,0.14,0,0,0,0.398211465
P08_USCB_10,0,2,USCB,8,18348.78038,700.5600475,5.08,2.864289617,52416.5,1.458937989,0.15044036,0,0,55.95112244,270.6256147,0.36,0,1,0,0.136536102
P08_USCB_11,0.5,2,USCB,8,44807.17562,915.2160876,4.44,2.752890625,114520.25,1.219677266,3.007340377,32.63164394,32.63164394,152.8354188,152.8354188,0.09,0,0,0,0.254398424
P08_USCB_12,1,2,USCB,8,15175.833,681.8176938,4.99,3.126299065,41814.25,1.561302539,0,41.06675192,41.06675192,20.10432677,20.10432677,0.045,0,1,0,0.17028958
P08_USCB_13,0.166666667,6,USCB,8,42920.54216,1225.503552,9.65,5.770136731,232103.75,1.6686953,0,36.11544431,0,26.36112712,327.343585,0.17,0,1,0,0.104096989
P08_USCB_15,0.75,4,USCB,8,65379.99038,2417.74202,8.71,1.911196996,108173.75,2.667365934,0,31.83713996,31.83713996,58.29552173,58.29552173,0.265,0,1,0,0.566412921
P08_USCB_18,0.75,4,USCB,8,56293.49932,1641.165643,5.54,3.317585551,174505,1.951274466,6.84E-08,44.79541427,44.79541427,50.23118621,50.23118621,0.36,0,0,0,0.135557216
P08_USCB_3,0.333333333,3,USCB,8,117672.7194,1767.893584,7.32,2.776368286,325668,1.453828883,17.15589828,23.05956929,0,54.45851613,1419.708544,0.13,0,1,0,0.0232992
P08_USCB_6,0.333333333,3,USCB,8,65621.49764,2347.299688,5.13,1.258749013,79741.75,2.584880915,16.78534087,48.20299683,48.20299683,18.5264086,18.5264086,0.05,0,0,0,0.586366945
P08_USCB_7,0.333333333,3,USCB,8,54159.03557,1920.67931,8.42,3.801027001,197083.25,2.328168801,0.593531319,32.15975102,3.984790371,37.54523486,358.7905649,0.18,0,1,0,0.087346513
P08_USCB_9,1,1,USCB,8,224793.1029,5588.083981,10.77,3.496966455,784457,3.324807467,24.93712207,3.474274044,3.474274044,0,0,0.04,0,0,0,0.054091896
P13_CFL_10,0.24,25,CFL,13,367986.4513,9189.71671,0.99,0.287697451,86088,4.27347608,76.57446677,71.87979407,71.87979407,35.89206976,35.89206976,0.095,0,0,0,1
P13_CFL_100,1,4,CFL,13,53903.07033,1925.598719,1.42,0.521365132,23136,2.339667299,58.67822371,87.37311582,87.37311582,9.526086141,9.526086141,0,0,1,0,0.978532847
P13_CFL_102,0.5,2,CFL,13,31448.73181,3206.242992,0.5,0.223714286,181,5.100232013,-6.36E-10,99.10548641,85.52424868,7.754635747,7.754635747,0,0,0,0,1
P13_CFL_111,0.5,2,CFL,13,13075.38084,768.1002449,NA,NA,NA,1.894897829,-7.65E-10,94.37597979,94.37597979,3.423712319,3.423712319,0,0,0,0,1
P13_CFL_113,0,1,CFL,13,7031.97569,982.9521297,0.62,0.287142857,48,3.306654016,1.42E-09,90.71109376,90.71109376,3.859052637,3.859052637,NA,0,0,0,1
P13_CFL_120,1,3,CFL,13,25636.77034,865.1896316,0.37,0.229127219,3639,1.524314981,100,88.51988258,88.51988258,22.2556012,22.2556012,0,0,1,0,1
P13_CFL_121,0.636363636,55,CFL,13,1146712.35,27459.57465,1.69,0.695679549,622221,7.233718912,88.62389295,99.5730988,96.13066606,20.40715491,21.11616689,0,0,0,0,0.793106334
P13_CFL_123,0.78125,32,CFL,13,2774760.712,24085.28537,2.08,0.645497861,1455358,4.078815832,45.56277357,96.3691812,67.25231087,52.50238124,78.72871894,0,0,1,0,0.925990464
P13_CFL_128,0.43902439,41,CFL,13,1980712.677,13905.48795,5.9,0.70957274,1248447,2.787215579,68.0246683,98.56972324,46.67557129,29.56364455,60.99504142,0,0,1,0,0.898664001
P13_CFL_129,1,1,CFL,13,12246.73187,781.9779669,2.58,1.809243028,11261,1.993331271,-1.63E-09,93.65867592,44.15485932,7.727928956,33.37359043,0,0,1,0,0.459703955
P13_CFL_133,0,1,CFL,13,14943.12945,1543.414072,0.74,0.622790698,662,3.561695147,68.70404778,97.40641216,97.40641216,1.638094089,1.638094089,NA,0,0,0,1
P13_CFL_137,0.5,2,CFL,13,66368.00056,2805.674909,1.17,0.582596425,15061,3.072225217,16.51097508,95.73199483,93.32213585,28.42857205,28.42857205,0,0,0,0,0.970768214
P13_CFL_139,0.5,2,CFL,13,52386.25338,1619.958111,0.63,0.316254753,7935,1.996595938,100,94.1139347,94.1139347,20.34601771,20.34601771,0,0,0,0,1
P13_CFL_14,0.7,10,CFL,13,341625.1257,3380.244687,4.49,0.790838459,264770,0,80.08064231,0,0,0,677.0854183,0.03,0,0,0,0.874248575
P13_CFL_143,0.4,5,CFL,13,1918625.938,43156.36929,2.21,0.294383562,14758,8.789108246,97.99392358,99.69200757,92.9615721,10.18439956,10.18439956,0,0,0,0,0.99956583
P13_CFL_147,0.333333333,3,CFL,13,167934.1444,4531.987425,0.84,0.344665769,18329,3.119710262,-5.95E-10,93.04943452,92.59735626,24.24800514,24.24800514,0,0,0,0,1
P13_CFL_149,0,2,CFL,13,211056.0859,10308.20293,0.69,0.303403827,7158,6.329641133,22.16114586,94.37444421,87.22151956,9.964936032,9.964936032,NA,0,0,0,1
P13_CFL_150,0.7,10,CFL,13,196592.6804,2907.574192,1.14,0.652070875,86234,1.849874227,1.726441896,83.10033383,72.51175583,24.75891377,48.78319467,0,0,0,0,0.983234743
P13_CFL_151,0,1,CFL,13,22401.25536,1122.219581,0.21,0.13,11,2.115128379,99.99937743,73.61888795,26.06471223,29.44508458,35.79766434,NA,0,0,0,1
P13_CFL_153,0,1,CFL,13,79532.3181,2521.242201,NA,NA,NA,2.521957803,-4.87E-07,96.4191382,92.32185783,30.04316296,30.04316296,NA,0,0,0,1
P13_CFL_154,0.666666667,3,CFL,13,131546.7931,3059.713563,0.94,0.39977637,25776,2.379773955,-7.60E-10,91.67752373,91.67752373,60.88281627,60.88281627,0,0,0,0,1
P13_CFL_156,0,2,CFL,13,195981.8995,3213.46399,0.32,0.278544503,32088,2.047672626,27.02041673,92.86869454,70.77515189,91.26890098,95.92939825,0.015,0,0,0,1
P13_CFL_158,0,1,CFL,13,90470.15775,2058.97752,0.95,0.425922819,24517,1.931052137,1.21E-07,90.68867642,90.68867642,50.59654827,50.59654827,NA,0,0,0,1
P13_CFL_16,0.5,2,CFL,13,146401.8981,4865.428501,1.29,0.697025163,91629,3.587094428,97.3102172,41.26181284,0.61492131,12.30916366,97.8184548,0,0,0,0,0.803462595
P13_CFL_161,0.625,8,CFL,13,836204.6046,19822.12925,1.7,0.348708666,130841,6.114896275,4.59573698,86.78136014,83.84741474,20.31644734,20.31644734,0,0,0,0,0.972994612
P13_CFL_178,0.375,16,CFL,13,786096.138,23482.72314,1.04,0.495711365,158567,7.471463769,1.96E-08,98.13198914,69.31437406,36.00572033,66.32197747,0,1,0,0,0.987520143
P13_CFL_181,0,1,CFL,13,98856.11446,3855.380014,NA,NA,NA,3.459079419,4.05E-10,97.21603362,79.9982445,17.97431834,30.92701115,NA,0,0,0,1
P13_CFL_198,0.594202899,69,CFL,13,9828576.605,24485.89102,3.51,1.148230762,10997112,2.203259579,59.52880108,33.49049092,12.25966642,31.90110146,47.78190113,0,0,1,0,0.289355605
P13_CFL_199,0.4,5,CFL,13,570123.876,5919.169649,2.25,0.837383111,464745,2.211420042,81.88971992,10.66090715,2.337777251,31.22659219,31.22659219,0,0,0,0,0.750324475
P13_CFL_200,0.680412371,97,CFL,13,16783827.12,42663.7284,5.91,1.050580064,17025389,2.937706305,76.19659228,39.29737216,23.66072297,34.80307744,52.99589939,0,1,1,0,0.477048243
P13_CFL_201,0.333333333,3,CFL,13,181086.1691,8294.581393,1.45,0.411182008,9467,5.498533822,81.50969791,97.67547384,34.56911413,8.938569259,120.7538047,0.01,0,0,0,0.997588699
P13_CFL_203,1,1,CFL,13,535444.8094,24775.13054,3.71,0.518811895,180819,9.551105964,14.07364268,99.08375826,84.44031793,5.311398478,5.311398478,0.13,0,0,0,0.955517302
P13_CFL_204,0.5,6,CFL,13,127749.1698,5720.3213,0.82,0.251710607,19340,4.514778498,84.21821486,97.01032906,82.29512171,6.444036386,24.97682086,0.06,0,1,0,1
P13_CFL_205,0.75,4,CFL,13,89553.3525,4513.895364,3.29,0.418394737,19196,4.255059442,100,97.77981798,49.23383893,20.33055192,49.7035685,0,0,1,0,0.916580169
P13_CFL_21,0.75,4,CFL,13,85427.5769,2942.948178,1.1,0.745310718,60886,2.840394342,99.99998325,18.07040257,1.977120384,0,32.50540276,0.1,0,0,0,0.982595832
P13_CFL_22,0.75,4,CFL,13,177367.1717,3936.67193,1.73,0.470421005,75406,2.636863638,95.23335828,55.87268067,26.54462574,0.73039812,55.46735448,0,0,1,0,0.986104115
P13_CFL_24,0.666666667,9,CFL,13,74171.50757,2783.569979,1.23,0.536623285,37096,2.883225824,85.15796478,46.80136759,17.67798491,0,13.87557763,0.095,0,0,0,0.98960427
P13_CFL_30,1,2,CFL,13,194025.9384,3492.977411,4.3,0.879004177,160246,2.236974065,68.51240692,33.38559353,16.86238453,62.30792876,62.30792876,0.135,0,0,0,0.713896424
P13_CFL_31,1,4,CFL,13,41363.2834,3195.238836,3.1,0.486214136,16862,4.431909582,90.47648549,51.85397663,33.38125013,10.30159942,16.23930308,0.095,0,0,0,0.944346496
P13_CFL_36,1,1,CFL,13,87474.83999,3374.906142,1.33,0.316009658,17150,3.218957103,88.7915371,57.44483408,29.06166317,82.20548729,82.20548729,0.2,0,0,0,0.97475678
P13_CFL_39,1,1,CFL,13,16936.93525,1183.863355,0.54,0.154072289,1432,2.566133417,100,39.37135995,0,0,198.6119496,0.06,0,0,0,1
P13_CFL_48,0,1,CFL,13,9403.089142,1163.306278,1.31,0.451146497,1711,3.384183185,92.36119699,42.14770779,1.112574235,20.14698711,31.04382722,NA,0,0,0,0.974297922
P13_CFL_49,1,1,CFL,13,1575.896839,523.1866156,0.74,0.208857143,170,3.717815222,100,41.68888268,41.68888268,24.48486034,24.48486034,0.24,0,0,0,1
P13_CFL_54,0.5,2,CFL,13,7890.823995,1201.068134,1.03,0.504645161,1896,3.814183075,100,37.09172391,10.50495683,27.49176218,82.25894017,0.2,0,0,0,0.971560076
P13_CFL_55,0.125,8,CFL,13,751455.3002,7262.625094,2.69,0.541302228,345894,2.363399385,64.17299788,60.43260051,18.42588722,0,123.1436911,0.04,0,0,0,0.891698536
P13_CFL_56,0.583333333,12,CFL,13,578521.0242,7478.448861,2.84,0.683223806,299103,2.773620402,93.90466026,60.2597235,47.33786949,17.81733251,37.37374121,0.025,0,1,0,0.820351688
P13_CFL_57,1,5,CFL,13,52616.58821,1320.541822,0.4,0.24214,5649,1.623999482,97.73608107,61.15194041,0,0,218.8705284,0.05,0,0,0,1
P13_CFL_58,0.25,4,CFL,13,195138.3705,3476.77715,1.03,0.517324096,69858,2.220243391,99.8525537,97.03013881,31.74960687,36.97950427,67.42806112,0,0,0,0,0.995043103
P13_CFL_59,0,1,CFL,13,28550.91944,1521.389805,0.7,0.201815287,1457,2.539952066,100,62.58077585,46.25385138,12.69425759,16.40239863,NA,0,0,0,1
P13_CFL_6,0.583333333,24,CFL,13,2077960.159,15473.7317,3.69,0.602739095,864298,3.028109128,98.70249668,78.8058191,22.01917972,8.058589087,71.00540533,0,0,0,0,0.923811108
P13_CFL_60,1,1,CFL,13,90637.96499,2716.025512,1.36,0.548671656,14270,2.544918273,100,52.01627491,22.07791203,0,149.3212523,0,0,0,0,0.992344326
P13_CFL_64,0.25,4,CFL,13,111545.5978,2312.012642,0.74,0.390945674,27822,1.952805794,99.9306386,92.69969336,30.70427776,52.88331402,88.97571664,0,0,0,0,1
P13_CFL_65,1,2,CFL,13,20513.13332,1172.935125,0.43,0.307816901,2033,2.310218508,78.53934274,89.06190324,51.25499252,11.39194709,41.53945483,0,0,0,0,1
P13_CFL_66,0,1,CFL,13,51911.20846,2264.535215,0.41,0.218333333,151,2.803777701,96.52141948,99.54674446,33.39627483,10.01242443,46.71592822,0,0,0,0,1
P13_CFL_68,0.8,5,CFL,13,39107.20828,1176.857952,7.76,3.448469319,127300,1.678768097,0,97.68513565,0,10.71822909,107.724473,0,0,1,0,0.106999658
P13_CFL_69,0.818181818,11,CFL,13,543612.8957,3463.01806,2.12,1.465508737,736546,1.324966657,9.90433484,98.45515922,15.69764889,39.01140798,251.4238462,0,0,1,0,0.274269955
P13_CFL_70,0.333333333,90,CFL,13,9425759.206,39256.71159,8.48,0.753837302,6487589,3.60703881,78.68929499,99.74835256,51.37784901,31.25454385,45.94920386,0,0,1,0,0.822878918
P13_CFL_73,0.857142857,7,CFL,13,136885.5545,5366.576432,1.04,0.293870871,23177,4.09179227,88.22657339,98.38494729,56.00349195,10.95456582,66.50380309,0,0,1,0,1
P13_CFL_80,0,1,CFL,13,17600.82662,1101.105047,0.47,0.254781705,2882,2.341301207,6.01787537,95.50302253,93.61914285,22.22644818,22.22644818,NA,0,0,0,1
P13_CFL_82,0.583333333,36,CFL,13,894849.9912,13536.23431,1.26,0.512151684,322550,4.036619487,84.4182949,98.54996553,38.83561326,22.86061265,98.22815273,0,0,1,0,0.951985952
P13_CFL_86,0.875,8,CFL,13,105402.1354,4875.103152,1.51,0.371689426,22849,4.235982651,90.22279264,96.95169227,63.22528297,10.77712232,12.79164637,0,0,1,0,0.972605301
P13_CFL_87,1,1,CFL,13,24792.23937,2105.905006,1.71,0.671443124,9682,3.772905844,0,91.79831861,46.57235327,0,48.46848178,0.08,0,0,0,0.847329073
P13_CFL_9,0.484848485,33,CFL,13,566446.4542,5787.086302,2.42,0.518046725,274694,2.16908013,95.89789169,14.77101314,12.92231098,41.06435821,70.04075149,0.03,0,0,0,0.970434733
P13_CFL_97,0.695652174,46,CFL,13,2157370.746,24642.19066,2.36,0.50494191,841333,4.732732834,82.60581292,96.66120571,75.80443459,32.25169039,36.43216,0,0,1,0,0.980983117
P13_SC_1,0,1,SC,13,417256.6269,6479.48774,5.31,2.650667746,1105527.25,2.82965911,2.69E-07,0,0,262.794969,262.794969,0.57,0,0,0,0.002713489
P13_SC_10,0.428571429,7,SC,13,258984.21,4585.218793,11.69,4.174967878,991033,2.541666053,0.29468126,75.06991923,29.74600459,50.09137823,73.73050465,0.58,0,1,0,0.061028609
P13_SC_11,1,1,SC,13,115275.0021,3572.546854,3.04,0.986638631,85048.25,2.968283868,4.120289189,88.37575329,84.43177346,8.937661062,8.937661062,0.35,0,0,0,0.246737658
P13_SC_12,1,3,SC,13,328019.2586,3969.472238,7.33,3.132402733,974177.25,1.955141371,0,81.58623292,81.20790048,33.32186627,33.32186627,0.13,0,0,0,0.055383281
P13_SC_13,0.888888889,54,SC,13,1975277.156,27382.70455,6.51,1.880706644,3230348.75,5.496134954,0.880843185,91.71455741,68.52905012,37.66038674,41.22454927,0.1,1,1,0,0.193648173
P13_SC_14,1,4,SC,13,143644.3865,3360.619306,3.74,1.298237806,144396.5,2.501324613,13.8738195,77.4480088,77.4480088,22.7931863,22.7931863,0.175,0,0,0,0.253118639
P13_SC_16,1,3,SC,13,147111.4987,5383.986386,5.7,1.38178113,153412.25,3.959822427,0,86.95358728,69.54335621,28.67057039,29.59249334,0.18,0,0,0,0.12948861
P13_SC_18,0.75,4,SC,13,282271.4601,4842.092257,5.64,1.874867186,469373,2.570955993,0,89.11657406,89.11657406,21.64509955,21.64509955,0.125,0,0,0,0.124198342
P13_SC_19,0.5,12,SC,13,334505.1904,4295.742563,4.66,2.056904055,640468.5,2.095230871,0,79.18603441,53.22160007,57.76167493,59.854826,0.295,1,1,1,0.075690822
P13_SC_2,1,16,SC,13,935026.0926,15361.34647,5.79,2.179719339,1947415.75,4.481387387,5.451234192,38.87428655,17.17227041,36.68755108,36.68755108,0.055,0,0,0,0.183556627
P13_SC_20,1,1,SC,13,53224.12379,1900.113007,6.33,1.377184278,53434.75,2.323379957,4.70E-09,73.10366525,51.90615842,10.4260305,10.4260305,0.05,0,0,0,0.268427211
P13_SC_3,0.666666667,6,SC,13,117484.1805,3418.075454,3.17,0.996500121,103212.5,2.813111962,16.03673358,89.40645498,46.69169301,14.66796393,66.98561252,0.16,0,0,0,0.370874991
P13_SC_4,0.789473684,19,SC,13,692753.4325,8024.266221,9.73,2.399131811,1591704,2.719637705,11.38095685,77.16775889,49.50528874,43.10326978,53.23575785,0.19,1,1,0,0.096771642
P13_SC_5,1,2,SC,13,127351.5781,3731.147424,4.62,1.835398525,192854.5,2.949411108,28.93961273,79.78273123,41.88984961,26.30393034,93.08990736,0.165,0,0,0,0.158303685
P13_SC_6,1,9,SC,13,377816.0397,13035.44188,9.01,1.423979961,472547.75,5.982471385,4.739206394,85.69583408,62.16483891,28.65771373,52.40868366,0.13,0,0,0,0.221404935
P13_SC_7,1,3,SC,13,185040.3051,4123.50245,10.18,2.240628876,388357,2.704133678,0,88.49022777,88.49022777,42.90971149,42.90971149,0.09,0,0,0,0.067714441
P13_SC_9,0.5,6,SC,13,221591.6224,3277.062689,13.02,2.761572609,584763,1.963826647,4.51E-09,78.78503811,76.325273,38.90096281,38.90096281,0.465,1,0,0,0.143780776
P13_SCB_31,0.794117647,34,SCB,13,1441984.526,9071.579116,8.14,2.127805294,3028771.25,2.131069731,28.34921704,37.78233654,28.76797915,34.1741303,44.86595123,0.11,1,0,0,0.271537825
P13_SCB_32,0.428571429,21,SCB,13,223140.5344,3416.785881,13.5,5.166937936,1130138.5,2.040438913,0.271326364,44.60966014,24.18791831,22.33279531,43.88386032,0.24,1,1,0,0.041670482
P13_SCB_33,0.714285714,7,SCB,13,181495.1596,2474.160259,9.57,2.995483375,536041.75,1.638288456,3.150091642,29.21060569,10.05852779,25.41059086,68.00595347,0.2,1,1,0,0.021649469
P13_SCB_34,0.833333333,6,SCB,13,279739.3247,2968.942173,9.84,3.510080307,961586.5,1.583507212,0.427009289,40.60417242,34.76552804,8.022741195,8.022741195,0.08,1,0,0,0.030016177
P13_SCB_35,0.5,6,SCB,13,103673.9628,3937.386684,3.15,1.922153135,187025.5,3.449596406,9.65E-10,49.92548218,48.25065156,56.61445746,56.61445746,0.205,1,0,0,0.067341764
P13_SCB_36,0,5,SCB,13,71526.4111,2068.723293,14.16,5.884653648,399273.75,2.182047776,8.39E-10,32.72939868,32.72939868,50.22177679,50.22177679,0.32,1,0,0,0.005279132
P13_SCB_37,0.583333333,12,SCB,13,109364.4245,2332.924769,4.84,1.642443738,155087.75,1.990021489,1.940900847,40.21894587,20.84506548,62.54897285,62.54897285,0.09,1,1,0,0.261759471
P13_SCB_38,1,5,SCB,13,186482.2234,3279.677219,5.61,2.542279133,419412.5,2.142434,1.61E-09,47.04985985,46.0038469,57.28557876,57.28557876,0.18,1,0,0,0.07207409
P13_SCB_39,0.428571429,14,SCB,13,138953.5534,3009.651985,8.77,4.269047153,545477.5,2.277595096,0.378520668,48.57653591,47.4453115,45.51073393,45.51073393,0.33,1,1,0,0.017052666
P13_SCB_40,0.44,25,SCB,13,428881.1002,3788.439929,10.59,3.655289711,1512467.5,1.631875488,0,42.82483522,42.82483522,32.59948056,32.59948056,0.265,1,0,0,0.027635141
P13_SCB_41,0.418604651,43,SCB,13,712104.6496,5497.436888,8.47,2.140765316,1440574.5,1.837737212,0,38.75219288,37.24758959,82.4393554,82.4393554,0.33,1,1,0,0.191936712
P13_SCB_42,0.764705882,17,SCB,13,566224.474,7199.3171,13.39,2.801583352,1523010.75,2.698932682,1.18E-08,37.0850648,27.3147124,49.03646551,52.16689436,0.125,1,1,1,0.072354796
P13_SCB_44,1,10,SCB,13,819388.485,6437.277858,5.93,2.392533774,1952487,2.006099155,9.436203534,5.320812751,5.320812751,30.20813446,30.20813446,0.115,0,0,0,0.146669815
P13_SCB_45,0.578947368,19,SCB,13,724687.845,5836.859462,10.49,2.314714382,1629964,1.934188586,5.252916478,37.22842937,30.14697506,56.93274333,60.62505872,0.245,1,0,0,0.124752108
P13_SCB_46,0.365384615,52,SCB,13,2032234.827,13602.1847,10.54,3.6831616,7245515.5,2.691638866,1.035192124,42.84584905,18.98596981,74.2403698,106.2978092,0.2,1,1,0,0.049418357
P13_SCB_47,0.333333333,3,SCB,13,65895.04333,2017.324049,9.47,4.770415667,298389.5,2.2168911,1.20E-07,29.09722403,19.0278455,28.34836011,28.34836011,0.3,0,1,0,0.016116143
P13_SCB_48,0.294117647,17,SCB,13,243386.299,4359.55946,10.27,3.995664222,857969,2.492812479,8.22E-09,44.65471209,44.65471209,62.27075951,62.27075951,0.3,1,1,0,0.125802077
P13_SCB_49,0.8,15,SCB,13,217923.4331,2483.026612,7.07,3.462307323,721025.5,1.500460186,0,31.07178712,28.13947607,58.04333191,58.04333191,0.22,1,0,0,0.040273344
P13_SCB_50,0.476190476,21,SCB,13,239905.8803,3243.383347,8.79,3.378266476,766359.75,1.867982933,8.34E-10,41.91604212,40.58373566,50.3005612,50.3005612,0.34,1,0,0,0.024813818
P13_SCB_51,0.266666667,60,SCB,13,1229871.326,8229.10434,9.97,2.815191944,3312847.5,2.093234089,7.32E-09,41.11910317,20.86132875,49.28846894,49.28846894,0.24,1,0,0,0.080319772
P13_SCB_52,0.333333333,6,SCB,13,86481.67911,1829.404291,9.64,3.174748711,246360.5,1.754860929,0,45.72075573,45.72075573,58.96710342,58.96710342,0.315,1,0,0,0.062533116
P13_SCB_53,0.555555556,9,SCB,13,90473.72782,2377.609241,9.98,3.297333991,250762.25,2.229843099,2.27E-07,44.49268237,44.49268237,41.73324768,41.73324768,0.28,1,0,0,0.10379129
P13_SCB_54,0.5,22,SCB,13,434980.794,4087.861465,26.93,5.072244443,2105108.25,1.748461994,0,42.11077097,32.98127083,57.10928654,57.10928654,0.31,1,0,0,0.063946798
P13_TSC_25,0.666666667,3,TSC,13,535336.9756,7636.22795,5.35,1.198682934,642314.25,2.944152703,0,0,0,12.898102,119.3491118,0.245,0,0,0,0.292330586
P13_TSC_27,0.870967742,62,TSC,13,3679859.718,42088.20119,7.95,1.617992783,5828616.75,6.18927531,2.133862458,29.32646644,15.08596969,29.11114728,96.0120489,0.1,0,0,0,0.297178692
P13_TSC_28,0.5,2,TSC,13,37274.69319,2392.035603,1.68,0.627309698,15039.75,3.495068313,92.08426717,92.60270426,4.567354411,8.323565369,29.48196052,0.1,0,0,0,0.304236893
P13_TSC_29,1,5,TSC,13,273851.1616,7017.34851,5.58,1.400352776,323516.5,3.782777699,26.42968525,77.43281439,16.00556979,14.62139574,84.82331826,0.06,0,0,0,0.297137564
P13_TSC_30,1,1,TSC,13,15702.3269,678.1834298,1.58,0.394179104,4621.75,1.526722954,1.27E-09,70.41568832,20.3122851,24.21275554,24.21275554,0.31,0,0,0,0.577524692
P13_TSC_33,0,1,TSC,13,151286.8398,6222.306765,7.48,1.140409042,132430,4.512798173,37.84841629,85.09908716,33.86413825,33.56387422,33.56387422,0.2,0,0,0,0.311193573
P13_TSC_34,0,1,TSC,13,29906.58992,1273.687417,1.04,0.514376344,11959.25,2.077659999,21.45864648,71.17503379,7.33778846,11.70109134,33.34915122,NA,0,0,0,0.606885601
P13_TSC_36,1,11,TSC,13,305606.7097,15397.61563,8.83,2.022275375,529482.25,7.857187184,1.51788083,88.09733108,75.81847032,7.876166518,28.74630401,0.09,0,1,0,0.063595323
P13_TSC_37,1,19,TSC,13,324885.6758,13492.49381,2.97,0.803165829,203783.25,6.677624801,9.316451535,96.17675557,88.09976122,25.50481445,25.50481445,0,1,1,0,0.309299916
P13_TSC_38,0.25,4,TSC,13,56817.67734,3076.64298,1.55,0.45417238,11592.75,3.641081773,46.59101183,90.25418516,82.83929662,9.586937199,14.70082724,0,0,0,0,0.269538581
P13_TSC_39,0.905405405,74,TSC,13,1489762.745,27874.97421,6.52,1.57721903,1935247.75,6.442448973,1.17E-05,75.69568446,38.00428384,33.99219893,36.41444092,0.05,0,0,0,0.147519039
P13_TSC_40,0.75,4,TSC,13,196215.9354,7931.548469,1.03,0.198803191,16818.75,5.051099375,0.001350829,76.20696131,63.16400904,19.78271297,23.46849124,0.05,0,1,0,0.330499974
P13_TSC_41,1,2,TSC,13,45175.59532,1952.87955,1.32,0.509513619,13094.5,2.591902039,0,87.06263156,24.92383426,24.40959992,28.13524112,0.075,0,0,0,0.339069501
P13_TSC_43,0.6,5,TSC,13,312170.0683,12417.87857,1.88,0.199792464,43080.25,6.269701248,0,77.34155613,47.91192042,21.76498297,33.84510549,0.02,0,0,0,0.477500644
P13_TSC_44,0.8,5,TSC,13,94642.5834,6079.14917,0.93,0.315654795,14401.75,5.574354382,0.000149071,85.50293145,47.77323705,8.039922078,8.039922078,0.08,0,0,0,0.186197852
P13_TSC_45,1,4,TSC,13,29366.86039,2334.616497,1.72,0.608875278,13669.25,3.843101535,0.108827065,87.47475667,82.04623723,15.00583702,15.00583702,0,0,0,0,0.473383575
P13_TSC_47,0.722222222,18,TSC,13,215162.6867,10872.35523,4.82,0.992962278,174389,6.612036195,5.889131422,82.36796777,30.41587277,6.802003507,73.66079845,0.05,0,1,0,0.296968227
P13_TSC_48,1,2,TSC,13,71502.76449,5464.277649,1.44,0.455860631,19134.75,5.764563265,7.30555741,93.15115966,73.2077959,10.79432694,10.79432694,0.115,0,0,0,0.269488907
P13_TSC_49,0,1,TSC,13,118219.3584,10330.58643,1.4,0.375283019,21879,8.475703285,2.209923348,91.87666986,80.98003892,5.292766455,5.292766455,NA,0,0,0,0.135736249
P13_TSC_50,1,2,TSC,13,122744.3347,7127.165023,2.22,0.607425174,37037.75,5.738668718,39.22544524,59.29015145,19.2691348,13.65133658,29.01728192,0.14,0,1,0,0.256191772
P13_TSC_54,1,6,TSC,13,148488.0261,3887.469046,2.81,0.941164326,139033.5,2.845878109,5.72E-08,0.757628206,0,63.72335962,119.7835762,0.1,0,0,0,0.6416414
P13_TSC_55,1,3,TSC,13,91856.24883,3172.915231,3.13,1.208676143,108418.25,2.953243008,17.87575739,54.12612627,8.745781855,24.41052321,25.38985331,0.07,0,1,0,0.309486474
P13_USCB_1,1,1,USCB,13,849090.003,7639.050158,12.08,4.139788655,3501329.75,2.338608726,0,7.844091965,0,42.33391374,689.1203363,0.12,0,1,0,0.002976426
P13_USCB_10,1,1,USCB,13,12850.5842,897.3290311,3.77,1.565248869,17296,2.232982661,9.71116152,42.52283514,0,15.14868027,106.6391821,0.51,0,0,0,0.160421836
P13_USCB_13,1,6,USCB,13,217799.5739,8115.155859,8.19,3.163021197,589429,4.905275683,0,41.7622188,41.7622188,54.8491197,54.8491197,0.19,0,0,0,0.077850477
P13_USCB_15,1,1,USCB,13,213809.7637,10954.1943,7.89,2.549919899,405883.5,6.682850426,3.003859289,45.02119691,44.29471088,16.32971073,16.32971073,0.33,0,0,0,0.072382726
P13_USCB_16,1,2,USCB,13,53544.42653,1726.66995,10.41,5.724094241,273325.5,2.104976555,1.87E-10,42.7831673,30.60779732,50.57843115,57.92310234,0.1,0,0,0,0.091855912
P13_USCB_17,0.666666667,3,USCB,13,178050.631,4662.985195,6.5,2.919415276,476813.5,3.117362781,6.52E-08,47.5500555,31.51959669,46.13452938,46.13452938,0.11,0,0,0,0.045367361
P13_USCB_2,0.6,5,USCB,13,568568.816,6584.589635,8.32,2.115171019,1202792,2.463384836,36.530961,0.84680964,0,3.870427974,34.51082615,0,0,1,0,0.000309599
P13_USCB_20,1,2,USCB,13,192548.7711,3322.361767,5.7,1.678132986,321782,2.135854247,59.78961419,7.97590284,1.973200157,44.24102763,44.24102763,0,0,0,0,0.458885359
P13_USCB_21,0.8,10,USCB,13,217026.0189,5533.839777,10.67,3.607587842,741810.25,3.350933018,21.60232562,18.19169402,15.122634,79.32044313,79.32044313,0.09,0,0,0,0.14421396
P13_USCB_22,0.785714286,14,USCB,13,400531.1701,5359.338918,9.03,1.986558264,743717.75,2.388845874,2.737521207,47.82102267,37.72305486,57.74859809,84.22200015,0.15,0,1,0,0.178431
P13_USCB_23,0,2,USCB,13,81451.66468,4525.20031,9.87,3.143945028,194453,4.472835167,2.799649595,48.35148068,0,57.32889003,375.5470238,0.1,0,1,0,0.066221103
P13_USCB_24,0.6,10,USCB,13,173924.5578,5899.645319,7.62,2.545606194,361667,3.990621308,9.32343013,40.20968892,13.95875589,27.79598502,80.5776971,0.24,0,1,0,0.222932304
P13_USCB_25,0.833333333,6,USCB,13,189856.2906,4867.915733,9.41,2.212930239,383832.75,3.151560321,2.908008403,42.30314552,41.41624713,18.01454139,18.01454139,0.09,0,1,0,0.13681105
P13_USCB_26,1,2,USCB,13,70514.70897,1238.392903,4.47,2.940549729,203265.5,1.315569098,0,6.353017712,6.353017712,37.86846059,37.86846059,0.06,0,0,0,0.019977366
P13_USCB_28,1,5,USCB,13,182850.4023,7329.527097,5.97,2.160747912,284570.5,4.835295971,1.034096168,39.9748215,17.37918382,7.484151509,24.28458866,0.03,0,0,0,0.106844718
P13_USCB_29,0.875,8,USCB,13,211986.248,5866.262513,7.03,2.100109379,384005,3.594203953,0,42.34907442,40.81508524,45.1838331,45.56546085,0.13,0,0,0,0.159314457
P13_USCB_4,0.666666667,6,USCB,13,169924.9186,6550.940846,8.99,2.276057311,387214.25,4.483015191,28.71821471,0,0,68.64940901,68.64940901,0.065,0,0,0,0.425943148
P13_USCB_5,1,7,USCB,13,108351.6542,3970.083476,7.77,2.213804584,229405.5,3.402333907,10.29814811,23.92894985,11.28994314,30.24460552,30.24460552,0.22,0,0,0,0.102097078
P13_USCB_7,1,7,USCB,13,167911.6106,5415.284076,5.71,2.017666962,284743.25,3.728000381,40.51332952,39.90693618,22.76610685,17.1602033,25.04829014,0.07,0,1,0,0.221066146
P13_USCB_8,1,4,USCB,13,182250.2793,3776.194417,8.66,2.200888446,358579.75,2.495257172,8.798170516,39.17528025,18.17456509,24.37954129,24.37954129,0.08,0,0,0,0.165407748
P13_USCB_9,0.5,2,USCB,13,28544.66231,2231.177972,6.12,3.486347249,91865.25,3.725347816,0.019630764,46.48846118,43.68347772,4.085669577,5.433579006,0.03,0,0,0,0.060222214